epoch	time	train/box_loss	train/cls_loss	train/dfl_loss	metrics/precision(B)	metrics/recall(B)	metrics/mAP50(B)	metrics/mAP50-95(B)	val/box_loss	val/cls_loss	val/dfl_loss	lr/pg0	lr/pg1	lr/pg2
1	13	5293	4	05121	5	90507	1	59275	0	0	0	0	3	65626	5	76462	1	42274	0	0	0
2	17	6214	4	28301	5	99689	1	65785	0	0	0	0	3	64677	5	76739	1	44677	9	99999e-05	9	99999e-05	9	99999e-05
3	21	5581	4	134	5	90033	1	60304	0	0	0	0	3	62565	5	77073	1	44369	0	0002	0	0002	0	0002
4	24	9986	4	15417	5	91264	1	57131	0	0	0	0	3	64225	5	77398	1	43022	0	000299999	0	000299999	0	000299999
5	28	1252	3	89405	5	84645	1	51945	0	0	0	0	3	62006	5	76882	1	40261	0	000399998	0	000399998	0	000399998
6	31	2647	3	83775	5	81232	1	48865	0	0	0	0	3	69893	5	74349	1	33726	0	000499998	0	000499998	0	000499998
7	34	341	3	36028	5	7872	1	37406	0	0	0	0	3	63904	5	72854	1	22747	0	000599996	0	000599996	0	000599996
8	37	4497	3	60246	5	86009	1	34665	0	0	0	0	3	60597	5	72679	1	14921	0	000699995	0	000699995	0	000699995
9	40	6305	3	44193	5	77589	1	27365	0	0	0	0	3	55341	5	71273	1	13898	0	000799994	0	000799994	0	000799994
10	43	9341	3	39576	5	78095	1	24943	0	0	0	0	3	52151	5	72674	1	12536	0	000899992	0	000899992	0	000899992
11	47	1838	3	33199	5	71147	1	20043	0	0	0	0	3	42412	5	71772	1	12185	0	00099999	0	00099999	0	00099999
12	50	3055	3	00038	5	72409	1	14788	0	0	0	0	3	01024	5	70369	1	11826	0	00109999	0	00109999	0	00109999
13	53	4883	2	75534	5	67451	1	11936	0	0	0	0	3	02964	5	6989	1	13785	0	00119999	0	00119999	0	00119999
14	56	3465	2	76222	5	70259	1	08904	0	0	0	0	3	18728	5	70729	1	16673	0	00129998	0	00129998	0	00129998
15	59	1975	2	70478	5	67428	1	05851	0	0	0	0	3	06705	5	70778	1	11019	0	00139998	0	00139998	0	00139998
16	62	2914	2	83893	5	64907	1	08038	0	0	0	0	3	43787	5	73271	1	18835	0	00149998	0	00149998	0	00149998
17	65	5445	3	02749	5	64381	1	11411	0	0	0	0	2	94112	5	69969	1	08982	0	00159997	0	00159997	0	00159997
18	68	4306	2	64476	5	57649	1	10039	0	0	0	0	2	94112	5	69969	1	08982	0	00169997	0	00169997	0	00169997
19	71	4446	2	72122	5	57485	1	06681	0	0	0	0	3	10716	5	70119	1	1327	0	00179997	0	00179997	0	00179997
20	74	5726	2	69236	5	55922	1	05043	0	0	0	0	3	10716	5	70119	1	1327	0	00189996	0	00189996	0	00189996
21	77	5153	2	65441	5	57172	1	06055	0	0	0	0	2	85124	5	67509	1	09405	0	00199996	0	00199996	0	00199996
22	80	6153	2	55635	5	52735	1	06465	0	0	0	0	2	85124	5	67509	1	09405	0	00209996	0	00209996	0	00209996
23	83	6432	2	63423	5	55327	1	04509	0	0	0	0	3	11372	5	6715	1	07439	0	00219995	0	00219995	0	00219995
24	86	5757	2	71048	5	52094	1	05832	0	0	0	0	3	11372	5	6715	1	07439	0	00229995	0	00229995	0	00229995
25	89	8009	2	60125	5	49437	1	03699	0	0	0	0	2	75315	5	66357	1	04022	0	00239994	0	00239994	0	00239994
26	92	7965	2	56375	5	51333	1	06595	0	0	0	0	2	75315	5	66357	1	04022	0	00249994	0	00249994	0	00249994
27	96	0801	2	69641	5	49584	1	04165	0	0	0	0	2	88299	5	67312	1	04546	0	00259993	0	00259993	0	00259993
28	99	2103	2	81029	5	47492	1	05193	0	0	0	0	2	88299	5	67312	1	04546	0	00269993	0	00269993	0	00269993
29	102	608	2	67083	5	46121	1	0446	0	0	0	0	2	44248	5	65195	0	98284	0	00279992	0	00279992	0	00279992
30	105	677	2	52849	5	39613	0	99842	0	0	0	0	2	44248	5	65195	0	98284	0	00289992	0	00289992	0	00289992
31	108	833	2	65422	5	39048	1	02934	0	0	0	0	2	85307	5	649	1	01544	0	00299991	0	00299991	0	00299991
32	112	422	2	77494	5	37336	1	03218	0	0	0	0	2	85307	5	649	1	01544	0	0030999	0	0030999	0	0030999
33	115	821	2	60802	5	38377	1	01351	0	0	0	0	2	43084	5	62366	0	97438	0	0031999	0	0031999	0	0031999
34	119	295	2	46466	5	33726	1	00914	0	0	0	0	2	43084	5	62366	0	97438	0	00329989	0	00329989	0	00329989
35	122	872	2	58237	5	37242	1	00212	0	0	0	0	2	7585	5	61044	0	98378	0	00339989	0	00339989	0	00339989
36	126	885	2	70811	5	33046	1	00384	0	0	0	0	2	7585	5	61044	0	98378	0	00349988	0	00349988	0	00349988
37	130	463	2	72588	5	31713	0	99855	0	0	0	0	2	3654	5	5967	0	95955	0	00359987	0	00359987	0	00359987
38	133	916	2	69031	5	24647	0	99123	0	0	0	0	2	3654	5	5967	0	95955	0	00369986	0	00369986	0	00369986
39	137	246	2	5253	5	2898	0	99192	0	0	0	0	2	68075	5	58717	0	97701	0	00379986	0	00379986	0	00379986
40	140	437	2	39733	5	21149	0	97671	0	0	0	0	2	68075	5	58717	0	97701	0	00389985	0	00389985	0	00389985
41	143	792	2	82095	5	27602	1	00797	0	0	0	0	2	31751	5	59097	0	96093	0	00399984	0	00399984	0	00399984
42	147	383	2	45957	5	21518	0	97535	0	0	0	0	2	31751	5	59097	0	96093	0	00409983	0	00409983	0	00409983
43	151	072	2	48044	5	2219	0	99322	0	0	0	0	2	71708	5	55859	0	96139	0	00419983	0	00419983	0	00419983
44	154	375	2	66087	5	11784	0	96733	0	0	0	0	2	71708	5	55859	0	96139	0	00429982	0	00429982	0	00429982
45	157	679	2	56824	5	11698	0	96007	0	0	0	0	2	2171	5	53192	0	93359	0	00439981	0	00439981	0	00439981
46	160	69	2	40289	5	06512	0	94925	0	0	0	0	2	2171	5	53192	0	93359	0	0044998	0	0044998	0	0044998
47	164	103	2	60927	5	10716	0	99118	0	0	0	0	2	75632	5	50272	0	96903	0	00459979	0	00459979	0	00459979
48	167	38	2	88855	5	09391	1	01839	0	0	0	0	2	75632	5	50272	0	96903	0	00469978	0	00469978	0	00469978
49	170	713	2	58911	5	03048	0	97795	0	0	0	0	2	24024	5	42786	0	92969	0	00479977	0	00479977	0	00479977
50	173	804	2	55058	4	96125	0	97622	0	0	0	0	2	24024	5	42786	0	92969	0	00489976	0	00489976	0	00489976
51	177	06	2	79372	4	9894	0	99004	0	0	0	0	2	58155	5	42839	0	96353	0	00499975	0	00499975	0	00499975
52	180	3	2	56893	4	90485	0	98552	0	0	0	0	2	58155	5	42839	0	96353	0	00509974	0	00509974	0	00509974
53	183	605	2	53111	4	93729	0	96848	0	0	0	0	2	58155	5	42839	0	96353	0	00519973	0	00519973	0	00519973
54	187	12	2	74259	4	89624	0	97505	0	0	0	0	2	60999	5	38066	0	96931	0	00529972	0	00529972	0	00529972
55	189	923	2	53673	4	77794	0	94956	0	0	0	0	2	60999	5	38066	0	96931	0	00539971	0	00539971	0	00539971
56	192	934	2	64661	4	84758	0	99864	0	0	0	0	2	60999	5	38066	0	96931	0	0054997	0	0054997	0	0054997
57	196	256	2	72415	4	8826	0	99437	0	0	0	0	2	5958	5	3017	0	97585	0	00559969	0	00559969	0	00559969
58	199	483	2	6995	4	76471	0	99409	0	0	0	0	2	5958	5	3017	0	97585	0	00569968	0	00569968	0	00569968
59	202	72	2	58813	4	793	0	98996	0	0	0	0	2	5958	5	3017	0	97585	0	00579967	0	00579967	0	00579967
60	206	087	2	58191	4	71463	0	97358	0	0	0	0	2	7597	5	22551	0	98801	0	00589966	0	00589966	0	00589966
61	208	827	2	41366	4	57924	0	96848	0	0	0	0	2	7597	5	22551	0	98801	0	00599964	0	00599964	0	00599964
62	211	8	2	5982	4	68057	0	96927	0	0	0	0	2	7597	5	22551	0	98801	0	00609963	0	00609963	0	00609963
63	215	101	2	27683	4	59036	0	9505	0	02778	0	01852	0	02394	0	01473	2	61644	5	13759	0	9971	0	00619962	0	00619962	0	00619962
64	218	119	2	71735	4	59716	0	99479	0	02778	0	01852	0	02394	0	01473	2	61644	5	13759	0	9971	0	00629961	0	00629961	0	00629961
65	221	131	2	84124	4	58096	0	98977	0	02778	0	01852	0	02394	0	01473	2	61644	5	13759	0	9971	0	00639959	0	00639959	0	00639959
66	224	09	3	01513	4	56314	1	00051	0	03273	0	04012	0	02946	0	00649	2	44196	5	0124	0	94971	0	00649958	0	00649958	0	00649958
67	226	808	2	46661	4	30759	0	94709	0	03273	0	04012	0	02946	0	00649	2	44196	5	0124	0	94971	0	00659957	0	00659957	0	00659957
68	230	105	2	64479	4	50587	0	98752	0	03273	0	04012	0	02946	0	00649	2	44196	5	0124	0	94971	0	00669956	0	00669956	0	00669956
69	232	698	2	41493	4	38186	0	95836	0	017	0	04012	0	03407	0	01836	2	96744	4	90397	1	01846	0	00679954	0	00679954	0	00679954
70	235	551	2	68079	4	43388	0	977	0	017	0	04012	0	03407	0	01836	2	96744	4	90397	1	01846	0	00689953	0	00689953	0	00689953
71	238	789	2	85021	4	314	0	96986	0	017	0	04012	0	03407	0	01836	2	96744	4	90397	1	01846	0	00699951	0	00699951	0	00699951
72	241	731	2	61027	4	38454	0	98493	0	25284	0	03704	0	03829	0	00902	2	57206	4	81049	0	99497	0	0070995	0	0070995	0	0070995
73	244	916	2	68113	4	44498	1	00945	0	25284	0	03704	0	03829	0	00902	2	57206	4	81049	0	99497	0	00719949	0	00719949	0	00719949
74	247	945	2	80283	4	39958	1	00023	0	25284	0	03704	0	03829	0	00902	2	57206	4	81049	0	99497	0	00729947	0	00729947	0	00729947
75	251	098	2	72852	4	39519	0	99305	0	28593	0	03186	0	03692	0	01978	2	60619	4	79075	0	98588	0	00739946	0	00739946	0	00739946
76	254	002	2	6467	4	15579	0	97089	0	28593	0	03186	0	03692	0	01978	2	60619	4	79075	0	98588	0	00749944	0	00749944	0	00749944
77	257	074	2	6822	4	05931	0	99222	0	28593	0	03186	0	03692	0	01978	2	60619	4	79075	0	98588	0	00759943	0	00759943	0	00759943
78	260	21	2	92413	4	25521	0	97584	0	37037	0	03629	0	05105	0	0183	2	29604	4	54799	0	96691	0	00769941	0	00769941	0	00769941
79	263	329	2	53939	4	20779	0	99798	0	37037	0	03629	0	05105	0	0183	2	29604	4	54799	0	96691	0	0077994	0	0077994	0	0077994
80	266	403	2	38591	4	1709	0	9982	0	37037	0	03629	0	05105	0	0183	2	29604	4	54799	0	96691	0	00789938	0	00789938	0	00789938
81	269	595	2	74848	4	16357	1	00321	0	0326	0	13395	0	07061	0	02141	2	75429	4	50665	1	02103	0	00799937	0	00799937	0	00799937
82	272	847	2	61914	3	96526	0	99421	0	0326	0	13395	0	07061	0	02141	2	75429	4	50665	1	02103	0	00809935	0	00809935	0	00809935
83	275	798	2	54936	3	84713	0	97766	0	0326	0	13395	0	07061	0	02141	2	75429	4	50665	1	02103	0	00819933	0	00819933	0	00819933
84	278	794	2	54277	4	11221	0	98233	0	03344	0	12901	0	0559	0	0272	2	59695	4	47374	0	95451	0	00829932	0	00829932	0	00829932
85	281	653	2	70953	4	04365	1	02961	0	03344	0	12901	0	0559	0	0272	2	59695	4	47374	0	95451	0	0083993	0	0083993	0	0083993
86	284	73	2	98299	3	991	1	01422	0	03344	0	12901	0	0559	0	0272	2	59695	4	47374	0	95451	0	00849928	0	00849928	0	00849928
87	287	902	3	08118	4	04221	1	01583	0	03344	0	12901	0	0559	0	0272	2	59695	4	47374	0	95451	0	00859927	0	00859927	0	00859927
88	291	375	2	93821	4	08746	1	00477	0	36473	0	0346	0	04123	0	01966	2	73476	4	2551	0	97649	0	00869925	0	00869925	0	00869925
89	294	399	3	15468	4	0505	1	02363	0	36473	0	0346	0	04123	0	01966	2	73476	4	2551	0	97649	0	00879923	0	00879923	0	00879923
90	297	032	3	07248	3	89877	1	01306	0	36473	0	0346	0	04123	0	01966	2	73476	4	2551	0	97649	0	00889922	0	00889922	0	00889922
91	300	048	3	072	3	91322	1	02795	0	36473	0	0346	0	04123	0	01966	2	73476	4	2551	0	97649	0	0089992	0	0089992	0	0089992
92	303	099	3	00307	3	8253	1	01039	0	03011	0	22593	0	09412	0	04476	2	49111	4	19746	1	00055	0	00909918	0	00909918	0	00909918
93	305	968	2	39377	3	70154	0	97888	0	03011	0	22593	0	09412	0	04476	2	49111	4	19746	1	00055	0	00919916	0	00919916	0	00919916
94	309	161	3	02279	3	90744	1	02119	0	03011	0	22593	0	09412	0	04476	2	49111	4	19746	1	00055	0	00929914	0	00929914	0	00929914
95	312	254	2	6839	3	73254	1	01968	0	03011	0	22593	0	09412	0	04476	2	49111	4	19746	1	00055	0	00939913	0	00939913	0	00939913
96	315	401	2	62936	3	71864	0	99993	0	02195	0	16914	0	10049	0	0376	2	79237	4	18817	1	01891	0	00949911	0	00949911	0	00949911
97	318	467	2	75777	3	82729	0	99948	0	02195	0	16914	0	10049	0	0376	2	79237	4	18817	1	01891	0	00959909	0	00959909	0	00959909
98	321	38	2	76572	3	8009	0	99152	0	02195	0	16914	0	10049	0	0376	2	79237	4	18817	1	01891	0	00969907	0	00969907	0	00969907
99	324	859	2	90994	3	81615	1	012	0	02195	0	16914	0	10049	0	0376	2	79237	4	18817	1	01891	0	00979905	0	00979905	0	00979905
100	327	886	2	81161	3	61282	0	996	0	17434	0	14501	0	10951	0	05569	2	88821	4	20666	1	16227	0	00989903	0	00989903	0	00989903
101	330	888	3	16868	3	56951	1	12258	0	17434	0	14501	0	10951	0	05569	2	88821	4	20666	1	16227	0	00999901	0	00999901	0	00999901
102	333	959	2	91029	3	67391	1	12167	0	17434	0	14501	0	10951	0	05569	2	88821	4	20666	1	16227	0	009999	0	009999	0	009999
103	337	23	2	85593	3	78379	1	10984	0	17434	0	14501	0	10951	0	05569	2	88821	4	20666	1	16227	0	00999899	0	00999899	0	00999899
104	340	245	2	88858	3	59311	1	09838	0	06527	0	23519	0	11701	0	04609	2	6528	4	18777	0	99171	0	00999898	0	00999898	0	00999898
105	343	206	2	63005	3	37353	0	98793	0	06527	0	23519	0	11701	0	04609	2	6528	4	18777	0	99171	0	00999897	0	00999897	0	00999897
106	346	172	2	78246	3	50568	0	99256	0	06527	0	23519	0	11701	0	04609	2	6528	4	18777	0	99171	0	00999896	0	00999896	0	00999896
107	349	333	2	80737	3	51487	0	98519	0	06527	0	23519	0	11701	0	04609	2	6528	4	18777	0	99171	0	00999895	0	00999895	0	00999895
108	352	369	2	56075	3	54833	0	96799	0	04613	0	15864	0	07388	0	02004	2	70072	4	08968	1	01419	0	00999894	0	00999894	0	00999894
109	355	603	3	12689	3	65917	1	04625	0	04613	0	15864	0	07388	0	02004	2	70072	4	08968	1	01419	0	00999893	0	00999893	0	00999893
110	358	386	2	92932	3	38532	1	06424	0	04613	0	15864	0	07388	0	02004	2	70072	4	08968	1	01419	0	00999892	0	00999892	0	00999892
111	361	638	3	1002	3	69675	1	0257	0	04613	0	15864	0	07388	0	02004	2	70072	4	08968	1	01419	0	00999891	0	00999891	0	00999891
112	365	063	3	29122	3	58436	1	0535	0	0843	0	22963	0	13509	0	0537	2	36929	4	41835	1	0548	0	0099989	0	0099989	0	0099989
113	368	222	2	19553	3	38851	0	96511	0	0843	0	22963	0	13509	0	0537	2	36929	4	41835	1	0548	0	00999889	0	00999889	0	00999889
114	371	193	2	49522	3	36171	0	9726	0	0843	0	22963	0	13509	0	0537	2	36929	4	41835	1	0548	0	00999888	0	00999888	0	00999888
115	374	212	2	53058	3	35962	0	95962	0	0843	0	22963	0	13509	0	0537	2	36929	4	41835	1	0548	0	00999887	0	00999887	0	00999887
116	377	572	2	59659	3	39312	0	97918	0	02593	0	03704	0	03411	0	01238	3	04397	5	04736	1	61449	0	00999886	0	00999886	0	00999886
117	380	656	2	66857	3	26672	0	99964	0	02593	0	03704	0	03411	0	01238	3	04397	5	04736	1	61449	0	00999885	0	00999885	0	00999885
118	383	728	2	75075	3	35391	1	02236	0	02593	0	03704	0	03411	0	01238	3	04397	5	04736	1	61449	0	00999884	0	00999884	0	00999884
119	386	951	2	71061	3	21195	0	9756	0	02593	0	03704	0	03411	0	01238	3	04397	5	04736	1	61449	0	00999883	0	00999883	0	00999883
120	389	87	2	71769	3	40939	1	00091	0	02593	0	03704	0	03411	0	01238	3	17169	5	26785	2	15628	0	00999882	0	00999882	0	00999882
121	393	136	2	0608	3	06637	0	9532	0	02593	0	03704	0	03411	0	01238	3	17169	5	26785	2	15628	0	00999881	0	00999881	0	00999881
122	396	502	2	44255	3	17222	0	97976	0	02593	0	03704	0	03411	0	01238	3	17169	5	26785	2	15628	0	0099988	0	0099988	0	0099988
123	399	31	2	35404	3	25002	0	96599	0	02593	0	03704	0	03411	0	01238	3	17169	5	26785	2	15628	0	00999879	0	00999879	0	00999879
124	402	48	2	46852	3	08418	0	98023	0	43632	0	08322	0	03992	0	02068	2	98513	4	1767	1	52041	0	00999878	0	00999878	0	00999878
125	405	532	2	32559	3	22331	0	95881	0	43632	0	08322	0	03992	0	02068	2	98513	4	1767	1	52041	0	00999877	0	00999877	0	00999877
126	408	421	2	22325	3	35156	0	9777	0	43632	0	08322	0	03992	0	02068	2	98513	4	1767	1	52041	0	00999876	0	00999876	0	00999876
127	411	34	2	34245	3	44785	0	95724	0	43632	0	08322	0	03992	0	02068	2	98513	4	1767	1	52041	0	00999875	0	00999875	0	00999875
128	414	451	2	35458	3	27753	0	93978	0	01285	0	12963	0	09425	0	04335	3	02016	4	26461	1	40541	0	00999874	0	00999874	0	00999874
129	417	553	2	97813	3	32769	0	98799	0	01285	0	12963	0	09425	0	04335	3	02016	4	26461	1	40541	0	00999873	0	00999873	0	00999873
130	420	813	2	86161	3	27436	0	97459	0	01285	0	12963	0	09425	0	04335	3	02016	4	26461	1	40541	0	00999872	0	00999872	0	00999872
131	423	992	2	62101	3	33108	0	97417	0	01285	0	12963	0	09425	0	04335	3	02016	4	26461	1	40541	0	00999871	0	00999871	0	00999871
132	427	112	2	69443	3	30547	0	96726	0	65255	0	07407	0	07346	0	03065	3	18077	4	03414	1	30396	0	0099987	0	0099987	0	0099987
133	429	947	2	37773	2	92875	0	95608	0	65255	0	07407	0	07346	0	03065	3	18077	4	03414	1	30396	0	00999869	0	00999869	0	00999869
134	433	021	2	6641	3	16471	0	97493	0	65255	0	07407	0	07346	0	03065	3	18077	4	03414	1	30396	0	00999868	0	00999868	0	00999868
135	436	078	2	51903	2	92	0	98325	0	65255	0	07407	0	07346	0	03065	3	18077	4	03414	1	30396	0	00999867	0	00999867	0	00999867
136	439	307	2	60675	3	02541	0	97157	0	5899	0	10176	0	11317	0	05855	2	80505	3	65027	1	10624	0	00999866	0	00999866	0	00999866
137	442	275	2	71616	3	07096	0	95982	0	5899	0	10176	0	11317	0	05855	2	80505	3	65027	1	10624	0	00999865	0	00999865	0	00999865
138	445	229	2	66855	3	35902	0	98799	0	5899	0	10176	0	11317	0	05855	2	80505	3	65027	1	10624	0	00999864	0	00999864	0	00999864
139	448	314	2	75296	2	92089	0	96665	0	5899	0	10176	0	11317	0	05855	2	80505	3	65027	1	10624	0	00999863	0	00999863	0	00999863
140	451	482	2	9412	3	15628	0	99058	0	69593	0	12963	0	13038	0	05699	2	64648	3	72179	1	06124	0	00999862	0	00999862	0	00999862
141	454	579	2	25335	2	84412	0	95517	0	69593	0	12963	0	13038	0	05699	2	64648	3	72179	1	06124	0	00999861	0	00999861	0	00999861
142	457	729	2	13129	2	77105	0	92903	0	69593	0	12963	0	13038	0	05699	2	64648	3	72179	1	06124	0	0099986	0	0099986	0	0099986
143	461	05	2	24212	2	87803	0	95257	0	69593	0	12963	0	13038	0	05699	2	64648	3	72179	1	06124	0	00999859	0	00999859	0	00999859
144	464	108	2	34195	2	80868	0	93807	0	31162	0	16975	0	13902	0	05721	2	65387	3	51271	0	96745	0	00999858	0	00999858	0	00999858
145	467	027	2	93364	3	11587	0	98495	0	31162	0	16975	0	13902	0	05721	2	65387	3	51271	0	96745	0	00999857	0	00999857	0	00999857
146	470	133	2	90957	3	03537	0	98938	0	31162	0	16975	0	13902	0	05721	2	65387	3	51271	0	96745	0	00999856	0	00999856	0	00999856
147	473	097	2	60086	3	00307	0	97662	0	31162	0	16975	0	13902	0	05721	2	65387	3	51271	0	96745	0	00999855	0	00999855	0	00999855
148	475	961	2	69147	2	89038	0	96978	0	72014	0	15945	0	18196	0	08842	2	30618	3	30879	0	9391	0	00999854	0	00999854	0	00999854
149	479	132	2	36822	2	88467	0	94106	0	72014	0	15945	0	18196	0	08842	2	30618	3	30879	0	9391	0	00999853	0	00999853	0	00999853
150	481	822	2	15572	2	85121	0	95073	0	72014	0	15945	0	18196	0	08842	2	30618	3	30879	0	9391	0	00999852	0	00999852	0	00999852
151	484	752	2	35213	2	69429	0	93156	0	72014	0	15945	0	18196	0	08842	2	30618	3	30879	0	9391	0	00999851	0	00999851	0	00999851
152	487	763	2	23042	2	75895	0	95665	0	31178	0	27205	0	22675	0	10791	2	34625	3	13088	0	89098	0	00999851	0	00999851	0	00999851
153	490	67	2	55204	2	92262	0	97384	0	31178	0	27205	0	22675	0	10791	2	34625	3	13088	0	89098	0	0099985	0	0099985	0	0099985
154	493	84	2	66966	2	83998	0	94845	0	31178	0	27205	0	22675	0	10791	2	34625	3	13088	0	89098	0	00999849	0	00999849	0	00999849
155	496	601	2	49213	2	73699	0	9666	0	31178	0	27205	0	22675	0	10791	2	34625	3	13088	0	89098	0	00999848	0	00999848	0	00999848
156	499	651	2	62906	2	84494	0	94933	0	34623	0	21725	0	21535	0	1077	2	21895	2	85682	0	90136	0	00999847	0	00999847	0	00999847
157	502	593	2	29817	2	71118	0	93811	0	34623	0	21725	0	21535	0	1077	2	21895	2	85682	0	90136	0	00999846	0	00999846	0	00999846
158	505	595	2	66402	2	91212	0	96685	0	34623	0	21725	0	21535	0	1077	2	21895	2	85682	0	90136	0	00999845	0	00999845	0	00999845
159	508	808	2	30138	2	62725	0	92839	0	34623	0	21725	0	21535	0	1077	2	21895	2	85682	0	90136	0	00999844	0	00999844	0	00999844
160	511	938	2	29509	2	88638	0	94302	0	21084	0	22706	0	20866	0	10063	2	3872	2	86961	0	90416	0	00999843	0	00999843	0	00999843
161	515	017	2	47676	2	75904	0	93858	0	21084	0	22706	0	20866	0	10063	2	3872	2	86961	0	90416	0	00999842	0	00999842	0	00999842
162	517	781	2	37324	2	56422	0	95067	0	21084	0	22706	0	20866	0	10063	2	3872	2	86961	0	90416	0	00999841	0	00999841	0	00999841
163	520	784	2	47335	2	69741	0	92935	0	21084	0	22706	0	20866	0	10063	2	3872	2	86961	0	90416	0	0099984	0	0099984	0	0099984
164	523	64	2	30346	2	63758	0	94702	0	25556	0	31047	0	25197	0	11138	2	38576	2	69271	0	91119	0	00999839	0	00999839	0	00999839
165	526	692	2	4673	2	59033	0	93053	0	25556	0	31047	0	25197	0	11138	2	38576	2	69271	0	91119	0	00999838	0	00999838	0	00999838
166	529	583	2	30671	2	74666	0	93645	0	25556	0	31047	0	25197	0	11138	2	38576	2	69271	0	91119	0	00999837	0	00999837	0	00999837
167	532	323	2	1082	2	69852	0	94754	0	25556	0	31047	0	25197	0	11138	2	38576	2	69271	0	91119	0	00999836	0	00999836	0	00999836
168	535	364	2	60466	2	70488	0	92627	0	33884	0	26319	0	22709	0	10981	2	24311	2	78586	0	90589	0	00999835	0	00999835	0	00999835
169	538	283	2	3888	2	76761	0	94728	0	33884	0	26319	0	22709	0	10981	2	24311	2	78586	0	90589	0	00999834	0	00999834	0	00999834
170	541	213	2	38148	2	62499	0	93362	0	33884	0	26319	0	22709	0	10981	2	24311	2	78586	0	90589	0	00999833	0	00999833	0	00999833
171	544	245	2	27775	2	58875	0	9432	0	33884	0	26319	0	22709	0	10981	2	24311	2	78586	0	90589	0	00999832	0	00999832	0	00999832
172	547	316	2	39956	2	6314	0	93296	0	23	0	26954	0	23421	0	10688	2	16429	2	65762	0	90847	0	00999831	0	00999831	0	00999831
173	550	264	2	37613	2	43468	0	92356	0	23	0	26954	0	23421	0	10688	2	16429	2	65762	0	90847	0	0099983	0	0099983	0	0099983
174	553	216	2	49132	2	5345	0	94063	0	23	0	26954	0	23421	0	10688	2	16429	2	65762	0	90847	0	00999829	0	00999829	0	00999829
175	556	192	2	3474	2	61816	0	93172	0	23	0	26954	0	23421	0	10688	2	16429	2	65762	0	90847	0	00999828	0	00999828	0	00999828
176	559	075	2	43338	2	57046	0	92208	0	10654	0	49259	0	19186	0	09095	2	2639	3	0902	0	92596	0	00999827	0	00999827	0	00999827
177	562	211	2	62885	2	82663	0	95864	0	10654	0	49259	0	19186	0	09095	2	2639	3	0902	0	92596	0	00999826	0	00999826	0	00999826
178	565	467	2	68471	2	73938	0	95981	0	10654	0	49259	0	19186	0	09095	2	2639	3	0902	0	92596	0	00999825	0	00999825	0	00999825
179	568	483	2	60495	2	60391	0	95624	0	10654	0	49259	0	19186	0	09095	2	2639	3	0902	0	92596	0	00999824	0	00999824	0	00999824
180	572	209	2	57588	2	71502	0	98052	0	19785	0	23827	0	23595	0	1197	2	09124	2	68399	0	89835	0	00999823	0	00999823	0	00999823
181	575	513	2	15675	2	48194	0	91088	0	19785	0	23827	0	23595	0	1197	2	09124	2	68399	0	89835	0	00999822	0	00999822	0	00999822
182	578	62	2	34062	2	6107	0	91623	0	19785	0	23827	0	23595	0	1197	2	09124	2	68399	0	89835	0	00999821	0	00999821	0	00999821
183	582	1	2	14561	2	42178	0	89287	0	19785	0	23827	0	23595	0	1197	2	09124	2	68399	0	89835	0	0099982	0	0099982	0	0099982
184	586	006	2	91661	2	84186	0	9538	0	2323	0	21057	0	21606	0	08054	2	23924	2	79681	0	91926	0	00999819	0	00999819	0	00999819
185	589	738	2	46378	2	47242	0	88836	0	2323	0	21057	0	21606	0	08054	2	23924	2	79681	0	91926	0	00999818	0	00999818	0	00999818
186	596	26	2	5057	2	54009	0	90343	0	2323	0	21057	0	21606	0	08054	2	23924	2	79681	0	91926	0	00999817	0	00999817	0	00999817
187	600	709	2	60863	2	74511	0	92074	0	2323	0	21057	0	21606	0	08054	2	23924	2	79681	0	91926	0	00999816	0	00999816	0	00999816
188	604	114	2	43607	2	61062	0	94851	0	5008	0	1972	0	28806	0	15361	2	05942	2	52767	0	88351	0	00999815	0	00999815	0	00999815
189	607	976	2	28096	2	62907	0	92483	0	5008	0	1972	0	28806	0	15361	2	05942	2	52767	0	88351	0	00999814	0	00999814	0	00999814
190	611	276	2	16998	2	4849	0	91179	0	5008	0	1972	0	28806	0	15361	2	05942	2	52767	0	88351	0	00999813	0	00999813	0	00999813
191	614	874	1	9441	2	45474	0	91085	0	5008	0	1972	0	28806	0	15361	2	05942	2	52767	0	88351	0	00999812	0	00999812	0	00999812
192	618	57	2	03722	2	49142	0	89985	0	19353	0	26143	0	22467	0	0932	2	04966	2	585	0	88073	0	00999811	0	00999811	0	00999811
193	622	372	2	54372	2	78968	0	9076	0	19353	0	26143	0	22467	0	0932	2	04966	2	585	0	88073	0	0099981	0	0099981	0	0099981
194	625	899	2	30919	2	59722	0	91165	0	19353	0	26143	0	22467	0	0932	2	04966	2	585	0	88073	0	00999809	0	00999809	0	00999809
195	629	332	2	25645	2	60244	0	92153	0	19353	0	26143	0	22467	0	0932	2	04966	2	585	0	88073	0	00999808	0	00999808	0	00999808
196	632	697	2	34041	2	50457	0	89255	0	3005	0	29758	0	2992	0	16885	2	11627	2	47937	0	87279	0	00999807	0	00999807	0	00999807
197	636	278	2	42566	2	47841	0	93228	0	3005	0	29758	0	2992	0	16885	2	11627	2	47937	0	87279	0	00999806	0	00999806	0	00999806
198	639	836	2	08078	2	55855	0	93076	0	3005	0	29758	0	2992	0	16885	2	11627	2	47937	0	87279	0	00999805	0	00999805	0	00999805
199	643	463	2	45884	2	51785	0	92037	0	3005	0	29758	0	2992	0	16885	2	11627	2	47937	0	87279	0	00999804	0	00999804	0	00999804
200	646	838	2	16477	2	38287	0	93048	0	20057	0	3739	0	31619	0	13249	2	21248	2	39504	0	87704	0	00999803	0	00999803	0	00999803
201	650	326	2	59436	2	52942	0	92697	0	20057	0	3739	0	31619	0	13249	2	21248	2	39504	0	87704	0	00999802	0	00999802	0	00999802
202	653	724	2	44245	2	62909	0	93072	0	20057	0	3739	0	31619	0	13249	2	21248	2	39504	0	87704	0	00999801	0	00999801	0	00999801
203	657	052	2	5456	2	68977	0	93754	0	20057	0	3739	0	31619	0	13249	2	21248	2	39504	0	87704	0	009998	0	009998	0	009998
204	660	182	2	34498	2	52961	0	9034	0	26268	0	45809	0	31422	0	17126	1	8397	2	42224	0	84952	0	00999799	0	00999799	0	00999799
205	663	653	2	28767	2	61977	0	929	0	26268	0	45809	0	31422	0	17126	1	8397	2	42224	0	84952	0	00999798	0	00999798	0	00999798
206	667	144	1	96749	2	4672	0	91341	0	26268	0	45809	0	31422	0	17126	1	8397	2	42224	0	84952	0	00999797	0	00999797	0	00999797
207	670	39	2	07239	2	32122	0	9002	0	26268	0	45809	0	31422	0	17126	1	8397	2	42224	0	84952	0	00999796	0	00999796	0	00999796
208	673	586	2	05689	2	39732	0	90142	0	32452	0	36004	0	33659	0	1562	2	13278	2	36635	0	86399	0	00999795	0	00999795	0	00999795
209	677	762	2	69227	2	54548	0	9163	0	32452	0	36004	0	33659	0	1562	2	13278	2	36635	0	86399	0	00999794	0	00999794	0	00999794
210	681	193	2	50458	2	4194	0	9288	0	32452	0	36004	0	33659	0	1562	2	13278	2	36635	0	86399	0	00999793	0	00999793	0	00999793
211	684	525	2	39066	2	43364	0	9177	0	32452	0	36004	0	33659	0	1562	2	13278	2	36635	0	86399	0	00999792	0	00999792	0	00999792
212	688	034	2	61412	2	376	0	90496	0	36178	0	40111	0	37486	0	20664	1	92348	2	30683	0	84969	0	00999791	0	00999791	0	00999791
213	691	399	2	34861	2	4286	0	90594	0	36178	0	40111	0	37486	0	20664	1	92348	2	30683	0	84969	0	0099979	0	0099979	0	0099979
214	694	626	1	96455	2	33268	0	92556	0	36178	0	40111	0	37486	0	20664	1	92348	2	30683	0	84969	0	00999789	0	00999789	0	00999789
215	697	927	2	14267	2	26197	0	91088	0	36178	0	40111	0	37486	0	20664	1	92348	2	30683	0	84969	0	00999788	0	00999788	0	00999788
216	701	531	2	22912	2	40372	0	91581	0	23605	0	36275	0	33007	0	172	2	02697	2	31938	0	85384	0	00999787	0	00999787	0	00999787
217	704	811	2	2635	2	30758	0	9174	0	23605	0	36275	0	33007	0	172	2	02697	2	31938	0	85384	0	00999786	0	00999786	0	00999786
218	708	124	2	2509	2	4021	0	92745	0	23605	0	36275	0	33007	0	172	2	02697	2	31938	0	85384	0	00999785	0	00999785	0	00999785
219	711	479	2	313	2	39549	0	91193	0	23605	0	36275	0	33007	0	172	2	02697	2	31938	0	85384	0	00999784	0	00999784	0	00999784
220	715	123	2	28315	2	36464	0	91831	0	30834	0	36909	0	35627	0	19555	1	96686	2	16072	0	86472	0	00999783	0	00999783	0	00999783
221	718	473	2	06056	2	10865	0	90581	0	30834	0	36909	0	35627	0	19555	1	96686	2	16072	0	86472	0	00999782	0	00999782	0	00999782
222	722	012	2	57696	2	486	0	89909	0	30834	0	36909	0	35627	0	19555	1	96686	2	16072	0	86472	0	00999781	0	00999781	0	00999781
223	725	508	2	19056	2	27256	0	89998	0	30834	0	36909	0	35627	0	19555	1	96686	2	16072	0	86472	0	0099978	0	0099978	0	0099978
224	728	683	2	07912	2	26234	0	90672	0	31493	0	4321	0	38557	0	21479	1	87768	2	32033	0	84322	0	00999779	0	00999779	0	00999779
225	732	381	2	13346	2	41493	0	91406	0	31493	0	4321	0	38557	0	21479	1	87768	2	32033	0	84322	0	00999778	0	00999778	0	00999778
226	735	94	2	28759	2	36497	0	92312	0	31493	0	4321	0	38557	0	21479	1	87768	2	32033	0	84322	0	00999777	0	00999777	0	00999777
227	739	729	2	17838	2	22264	0	90392	0	31493	0	4321	0	38557	0	21479	1	87768	2	32033	0	84322	0	00999776	0	00999776	0	00999776
228	743	358	2	11724	2	41333	0	95428	0	32286	0	41846	0	3759	0	20847	1	93957	2	13599	0	86796	0	00999775	0	00999775	0	00999775
229	746	551	2	02117	2	05879	0	90951	0	32286	0	41846	0	3759	0	20847	1	93957	2	13599	0	86796	0	00999774	0	00999774	0	00999774
230	750	062	2	07555	2	19707	0	91493	0	32286	0	41846	0	3759	0	20847	1	93957	2	13599	0	86796	0	00999773	0	00999773	0	00999773
231	753	708	2	30775	2	20378	0	90088	0	32286	0	41846	0	3759	0	20847	1	93957	2	13599	0	86796	0	00999772	0	00999772	0	00999772
232	757	222	2	12215	2	17565	0	90782	0	6471	0	32236	0	40545	0	21691	1	87602	2	23495	0	82916	0	00999771	0	00999771	0	00999771
233	760	873	2	2264	2	45782	0	9074	0	6471	0	32236	0	40545	0	21691	1	87602	2	23495	0	82916	0	0099977	0	0099977	0	0099977
234	764	407	2	28241	2	37201	0	90175	0	6471	0	32236	0	40545	0	21691	1	87602	2	23495	0	82916	0	00999769	0	00999769	0	00999769
235	767	818	2	32554	2	32846	0	89713	0	6471	0	32236	0	40545	0	21691	1	87602	2	23495	0	82916	0	00999768	0	00999768	0	00999768
236	771	307	2	35924	2	30434	0	90313	0	31974	0	40679	0	36891	0	20009	1	84111	2	1814	0	86084	0	00999767	0	00999767	0	00999767
237	775	057	2	13556	2	28438	0	9006	0	31974	0	40679	0	36891	0	20009	1	84111	2	1814	0	86084	0	00999766	0	00999766	0	00999766
238	778	745	1	96533	2	2588	0	92085	0	31974	0	40679	0	36891	0	20009	1	84111	2	1814	0	86084	0	00999765	0	00999765	0	00999765
239	782	133	1	99703	2	13672	0	89677	0	31974	0	40679	0	36891	0	20009	1	84111	2	1814	0	86084	0	00999764	0	00999764	0	00999764
240	785	751	2	27031	2	1432	0	91257	0	44174	0	43403	0	41406	0	21642	1	85059	2	17181	0	84571	0	00999763	0	00999763	0	00999763
241	789	169	2	05825	2	1597	0	93015	0	44174	0	43403	0	41406	0	21642	1	85059	2	17181	0	84571	0	00999762	0	00999762	0	00999762
242	792	687	1	89861	2	22188	0	90434	0	44174	0	43403	0	41406	0	21642	1	85059	2	17181	0	84571	0	00999761	0	00999761	0	00999761
243	796	338	2	05151	2	21402	0	90699	0	44174	0	43403	0	41406	0	21642	1	85059	2	17181	0	84571	0	0099976	0	0099976	0	0099976
244	799	77	1	9371	2	11197	0	90902	0	36776	0	39179	0	39078	0	21709	1	97149	2	09712	0	87664	0	00999759	0	00999759	0	00999759
245	803	168	2	10848	2	07909	0	92064	0	36776	0	39179	0	39078	0	21709	1	97149	2	09712	0	87664	0	00999758	0	00999758	0	00999758
246	806	664	2	39107	2	19983	0	91051	0	36776	0	39179	0	39078	0	21709	1	97149	2	09712	0	87664	0	00999757	0	00999757	0	00999757
247	810	084	2	13245	2	24827	0	90604	0	36776	0	39179	0	39078	0	21709	1	97149	2	09712	0	87664	0	00999756	0	00999756	0	00999756
248	813	54	2	26263	2	18336	0	91162	0	39618	0	38153	0	40297	0	22231	1	82666	2	20361	0	83875	0	00999755	0	00999755	0	00999755
249	817	282	2	01036	2	09307	0	89595	0	39618	0	38153	0	40297	0	22231	1	82666	2	20361	0	83875	0	00999754	0	00999754	0	00999754
250	820	858	1	9715	2	17292	0	89128	0	39618	0	38153	0	40297	0	22231	1	82666	2	20361	0	83875	0	00999753	0	00999753	0	00999753
251	824	365	2	07381	2	13008	0	88952	0	39618	0	38153	0	40297	0	22231	1	82666	2	20361	0	83875	0	00999753	0	00999753	0	00999753
252	827	837	2	14114	2	12665	0	8756	0	29981	0	42195	0	40237	0	22	2	01657	2	1731	0	84213	0	00999752	0	00999752	0	00999752
253	831	129	2	31014	2	04628	0	89565	0	29981	0	42195	0	40237	0	22	2	01657	2	1731	0	84213	0	00999751	0	00999751	0	00999751
254	834	846	2	25506	2	14345	0	91662	0	29981	0	42195	0	40237	0	22	2	01657	2	1731	0	84213	0	0099975	0	0099975	0	0099975
255	838	006	2	33937	2	13689	0	91299	0	29981	0	42195	0	40237	0	22	2	01657	2	1731	0	84213	0	00999749	0	00999749	0	00999749
256	841	512	2	51482	2	23612	0	89667	0	33852	0	37475	0	41844	0	24401	1	75602	2	15224	0	8298	0	00999748	0	00999748	0	00999748
257	844	694	1	78405	2	18552	0	94512	0	33852	0	37475	0	41844	0	24401	1	75602	2	15224	0	8298	0	00999747	0	00999747	0	00999747
258	848	369	1	88275	2	11824	0	89533	0	33852	0	37475	0	41844	0	24401	1	75602	2	15224	0	8298	0	00999746	0	00999746	0	00999746
259	851	925	1	87963	2	07947	0	88867	0	33852	0	37475	0	41844	0	24401	1	75602	2	15224	0	8298	0	00999745	0	00999745	0	00999745
260	855	518	1	93581	2	08026	0	89052	0	31397	0	49836	0	43413	0	23923	2	04022	2	09976	0	8424	0	00999744	0	00999744	0	00999744
261	859	09	2	29764	2	12339	0	90165	0	31397	0	49836	0	43413	0	23923	2	04022	2	09976	0	8424	0	00999743	0	00999743	0	00999743
262	862	839	2	33442	2	17397	0	9095	0	31397	0	49836	0	43413	0	23923	2	04022	2	09976	0	8424	0	00999742	0	00999742	0	00999742
263	866	048	2	17507	2	03588	0	89015	0	31397	0	49836	0	43413	0	23923	2	04022	2	09976	0	8424	0	00999741	0	00999741	0	00999741
264	869	26	2	18137	2	14493	0	89889	0	44425	0	37791	0	43331	0	26715	1	80738	2	18348	0	83896	0	0099974	0	0099974	0	0099974
265	872	488	1	88561	2	05016	0	89038	0	44425	0	37791	0	43331	0	26715	1	80738	2	18348	0	83896	0	00999739	0	00999739	0	00999739
266	875	822	1	93284	2	07	0	89684	0	44425	0	37791	0	43331	0	26715	1	80738	2	18348	0	83896	0	00999738	0	00999738	0	00999738
267	879	119	1	8263	1	99155	0	89085	0	44425	0	37791	0	43331	0	26715	1	80738	2	18348	0	83896	0	00999737	0	00999737	0	00999737
268	882	502	1	89909	2	11424	0	88875	0	22463	0	61852	0	40338	0	23069	1	98368	2	16065	0	83874	0	00999736	0	00999736	0	00999736
269	885	837	2	1955	2	20657	0	90328	0	22463	0	61852	0	40338	0	23069	1	98368	2	16065	0	83874	0	00999735	0	00999735	0	00999735
270	889	289	1	92727	2	0545	0	90017	0	22463	0	61852	0	40338	0	23069	1	98368	2	16065	0	83874	0	00999734	0	00999734	0	00999734
271	892	63	2	23761	2	13281	0	88521	0	22463	0	61852	0	40338	0	23069	1	98368	2	16065	0	83874	0	00999733	0	00999733	0	00999733
272	896	348	2	04583	2	00338	0	89212	0	40726	0	41029	0	41492	0	22732	1	78147	2	20505	0	83179	0	00999732	0	00999732	0	00999732
273	899	684	1	97716	2	06596	0	88568	0	40726	0	41029	0	41492	0	22732	1	78147	2	20505	0	83179	0	00999731	0	00999731	0	00999731
274	903	473	2	43315	2	22416	0	91816	0	40726	0	41029	0	41492	0	22732	1	78147	2	20505	0	83179	0	0099973	0	0099973	0	0099973
275	906	959	2	09986	2	0221	0	89113	0	40726	0	41029	0	41492	0	22732	1	78147	2	20505	0	83179	0	00999729	0	00999729	0	00999729
276	910	501	2	02895	2	01341	0	88314	0	45476	0	4628	0	44175	0	28349	1	72333	2	08679	0	83464	0	00999728	0	00999728	0	00999728
277	914	232	2	01283	2	03842	0	88522	0	45476	0	4628	0	44175	0	28349	1	72333	2	08679	0	83464	0	00999727	0	00999727	0	00999727
278	918	034	2	09522	2	07211	0	88945	0	45476	0	4628	0	44175	0	28349	1	72333	2	08679	0	83464	0	00999726	0	00999726	0	00999726
279	921	836	2	15792	2	06743	0	89405	0	45476	0	4628	0	44175	0	28349	1	72333	2	08679	0	83464	0	00999725	0	00999725	0	00999725
280	925	128	1	95336	2	00033	0	89843	0	41689	0	49989	0	43862	0	24674	1	94632	2	08061	0	84015	0	00999724	0	00999724	0	00999724
281	928	474	2	25017	1	97663	0	88486	0	41689	0	49989	0	43862	0	24674	1	94632	2	08061	0	84015	0	00999723	0	00999723	0	00999723
282	931	838	2	02789	1	91734	0	87027	0	41689	0	49989	0	43862	0	24674	1	94632	2	08061	0	84015	0	00999722	0	00999722	0	00999722
283	935	369	2	16657	1	97592	0	88157	0	41689	0	49989	0	43862	0	24674	1	94632	2	08061	0	84015	0	00999721	0	00999721	0	00999721
284	939	106	2	19104	2	07741	0	89315	0	5228	0	48205	0	44933	0	29355	1	77938	2	05524	0	83514	0	0099972	0	0099972	0	0099972
285	942	348	1	81354	1	88005	0	87303	0	5228	0	48205	0	44933	0	29355	1	77938	2	05524	0	83514	0	00999719	0	00999719	0	00999719
286	946	124	2	15961	2	07498	0	88971	0	5228	0	48205	0	44933	0	29355	1	77938	2	05524	0	83514	0	00999718	0	00999718	0	00999718
287	949	486	1	81944	1	84967	0	88249	0	5228	0	48205	0	44933	0	29355	1	77938	2	05524	0	83514	0	00999717	0	00999717	0	00999717
288	953	134	2	15849	1	97855	0	87459	0	51783	0	43534	0	42827	0	23941	1	94387	2	17265	0	83208	0	00999716	0	00999716	0	00999716
289	956	569	2	10089	2	0643	0	89654	0	51783	0	43534	0	42827	0	23941	1	94387	2	17265	0	83208	0	00999715	0	00999715	0	00999715
290	960	128	2	12875	1	93332	0	87438	0	51783	0	43534	0	42827	0	23941	1	94387	2	17265	0	83208	0	00999714	0	00999714	0	00999714
291	963	644	2	04695	2	02147	0	89574	0	51783	0	43534	0	42827	0	23941	1	94387	2	17265	0	83208	0	00999713	0	00999713	0	00999713
292	967	366	2	09414	2	02338	0	89926	0	51351	0	51244	0	44856	0	298	1	64713	1	96072	0	81936	0	00999712	0	00999712	0	00999712
293	970	722	1	65951	2	08988	0	8968	0	51351	0	51244	0	44856	0	298	1	64713	1	96072	0	81936	0	00999711	0	00999711	0	00999711
294	974	551	2	17224	2	06503	0	88477	0	51351	0	51244	0	44856	0	298	1	64713	1	96072	0	81936	0	0099971	0	0099971	0	0099971
295	978	313	1	77807	1	85138	0	8805	0	51351	0	51244	0	44856	0	298	1	64713	1	96072	0	81936	0	00999709	0	00999709	0	00999709
296	981	75	1	84495	2	03165	0	88287	0	45024	0	51137	0	43946	0	25738	1	88942	2	15409	0	82631	0	00999708	0	00999708	0	00999708
297	984	991	1	9176	1	88488	0	91579	0	45024	0	51137	0	43946	0	25738	1	88942	2	15409	0	82631	0	00999707	0	00999707	0	00999707
298	988	613	2	06354	1	90523	0	89602	0	45024	0	51137	0	43946	0	25738	1	88942	2	15409	0	82631	0	00999706	0	00999706	0	00999706
299	992	338	1	99381	1	954	0	88861	0	45024	0	51137	0	43946	0	25738	1	88942	2	15409	0	82631	0	00999705	0	00999705	0	00999705
300	995	581	2	00523	1	8504	0	89601	0	5885	0	44137	0	44772	0	29566	1	51689	2	02449	0	81376	0	00999704	0	00999704	0	00999704
301	999	192	1	93661	1	90379	0	88113	0	5885	0	44137	0	44772	0	29566	1	51689	2	02449	0	81376	0	00999703	0	00999703	0	00999703
302	1003	1	93325	1	94081	0	86515	0	5885	0	44137	0	44772	0	29566	1	51689	2	02449	0	81376	0	00999702	0	00999702	0	00999702
303	1006	31	1	81025	1	88735	0	86751	0	5885	0	44137	0	44772	0	29566	1	51689	2	02449	0	81376	0	00999701	0	00999701	0	00999701
304	1009	68	1	82314	1	87502	0	87661	0	44991	0	48259	0	43899	0	262	1	73377	2	07824	0	82828	0	009997	0	009997	0	009997
305	1013	39	1	93253	1	93381	0	90539	0	44991	0	48259	0	43899	0	262	1	73377	2	07824	0	82828	0	00999699	0	00999699	0	00999699
306	1016	62	2	12492	1	90967	0	89593	0	44991	0	48259	0	43899	0	262	1	73377	2	07824	0	82828	0	00999698	0	00999698	0	00999698
307	1019	87	2	00754	1	91662	0	91456	0	44991	0	48259	0	43899	0	262	1	73377	2	07824	0	82828	0	00999697	0	00999697	0	00999697
308	1023	59	2	11605	1	99058	0	89109	0	49996	0	48457	0	44846	0	30001	1	53534	1	98629	0	81135	0	00999696	0	00999696	0	00999696
309	1027	2	1	87108	1	88195	0	86075	0	49996	0	48457	0	44846	0	30001	1	53534	1	98629	0	81135	0	00999695	0	00999695	0	00999695
310	1030	89	1	93032	1	85446	0	87535	0	49996	0	48457	0	44846	0	30001	1	53534	1	98629	0	81135	0	00999694	0	00999694	0	00999694
311	1034	57	1	83013	1	78509	0	88476	0	49996	0	48457	0	44846	0	30001	1	53534	1	98629	0	81135	0	00999693	0	00999693	0	00999693
312	1037	74	1	89638	1	79174	0	85945	0	44035	0	50217	0	47407	0	272	1	81542	2	04358	0	81781	0	00999692	0	00999692	0	00999692
313	1041	34	1	98706	1	81603	0	87914	0	44035	0	50217	0	47407	0	272	1	81542	2	04358	0	81781	0	00999691	0	00999691	0	00999691
314	1045	06	1	8891	1	8521	0	89108	0	44035	0	50217	0	47407	0	272	1	81542	2	04358	0	81781	0	0099969	0	0099969	0	0099969
315	1048	44	2	10185	1	99949	0	89334	0	44035	0	50217	0	47407	0	272	1	81542	2	04358	0	81781	0	00999689	0	00999689	0	00999689
316	1051	63	2	07042	1	9347	0	87625	0	52108	0	47569	0	46476	0	32975	1	49261	1	97286	0	81156	0	00999688	0	00999688	0	00999688
317	1054	87	1	76843	1	7467	0	87555	0	52108	0	47569	0	46476	0	32975	1	49261	1	97286	0	81156	0	00999687	0	00999687	0	00999687
318	1058	3	1	7664	1	85672	0	85246	0	52108	0	47569	0	46476	0	32975	1	49261	1	97286	0	81156	0	00999686	0	00999686	0	00999686
319	1061	67	1	72536	1	88478	0	87727	0	52108	0	47569	0	46476	0	32975	1	49261	1	97286	0	81156	0	00999685	0	00999685	0	00999685
320	1065	46	1	90398	1	88687	0	88384	0	41944	0	50188	0	47772	0	28692	1	83642	1	97031	0	8319	0	00999684	0	00999684	0	00999684
321	1068	91	2	02021	1	83685	0	89306	0	41944	0	50188	0	47772	0	28692	1	83642	1	97031	0	8319	0	00999683	0	00999683	0	00999683
322	1072	21	1	99094	1	79082	0	89867	0	41944	0	50188	0	47772	0	28692	1	83642	1	97031	0	8319	0	00999682	0	00999682	0	00999682
323	1075	76	1	97849	1	87898	0	92041	0	41944	0	50188	0	47772	0	28692	1	83642	1	97031	0	8319	0	00999681	0	00999681	0	00999681
324	1079	1	1	93166	1	89357	0	89653	0	61899	0	43336	0	46257	0	32433	1	51681	2	0077	0	81295	0	0099968	0	0099968	0	0099968
325	1082	64	2	01199	1	92025	0	86934	0	61899	0	43336	0	46257	0	32433	1	51681	2	0077	0	81295	0	00999679	0	00999679	0	00999679
326	1086	56	1	69469	1	85167	0	85415	0	61899	0	43336	0	46257	0	32433	1	51681	2	0077	0	81295	0	00999678	0	00999678	0	00999678
327	1090	28	1	78842	1	75837	0	85559	0	61899	0	43336	0	46257	0	32433	1	51681	2	0077	0	81295	0	00999677	0	00999677	0	00999677
328	1093	97	1	72374	1	73685	0	87221	0	44544	0	52401	0	47518	0	25143	1	86184	1	96844	0	83818	0	00999676	0	00999676	0	00999676
329	1097	72	2	0545	1	78725	0	88561	0	44544	0	52401	0	47518	0	25143	1	86184	1	96844	0	83818	0	00999675	0	00999675	0	00999675
330	1100	99	2	13158	1	82798	0	88779	0	44544	0	52401	0	47518	0	25143	1	86184	1	96844	0	83818	0	00999674	0	00999674	0	00999674
331	1104	46	2	12642	1	86691	0	88995	0	44544	0	52401	0	47518	0	25143	1	86184	1	96844	0	83818	0	00999673	0	00999673	0	00999673
332	1108	18	2	16567	1	87835	0	89117	0	38885	0	50853	0	46609	0	31881	1	4444	1	88945	0	81391	0	00999672	0	00999672	0	00999672
333	1111	68	1	87555	1	71011	0	86965	0	38885	0	50853	0	46609	0	31881	1	4444	1	88945	0	81391	0	00999671	0	00999671	0	00999671
334	1115	16	1	59041	1	73418	0	87978	0	38885	0	50853	0	46609	0	31881	1	4444	1	88945	0	81391	0	0099967	0	0099967	0	0099967
335	1118	59	1	55529	1	74536	0	88123	0	38885	0	50853	0	46609	0	31881	1	4444	1	88945	0	81391	0	00999669	0	00999669	0	00999669
336	1121	83	1	70473	1	66808	0	86756	0	6564	0	41237	0	46057	0	28708	1	80325	1	99319	0	82163	0	00999668	0	00999668	0	00999668
337	1125	19	1	86867	1	77672	0	88519	0	6564	0	41237	0	46057	0	28708	1	80325	1	99319	0	82163	0	00999667	0	00999667	0	00999667
338	1128	45	1	89555	1	80998	0	85917	0	6564	0	41237	0	46057	0	28708	1	80325	1	99319	0	82163	0	00999666	0	00999666	0	00999666
339	1131	8	1	86538	1	69042	0	87064	0	6564	0	41237	0	46057	0	28708	1	80325	1	99319	0	82163	0	00999665	0	00999665	0	00999665
340	1135	09	1	8806	1	78562	0	87132	0	23924	0	70185	0	45825	0	2766	1	72739	1	9504	0	82742	0	00999664	0	00999664	0	00999664
341	1138	74	2	16017	1	92358	0	8801	0	23924	0	70185	0	45825	0	2766	1	72739	1	9504	0	82742	0	00999663	0	00999663	0	00999663
342	1142	18	2	06285	1	75102	0	86333	0	23924	0	70185	0	45825	0	2766	1	72739	1	9504	0	82742	0	00999662	0	00999662	0	00999662
343	1145	95	2	0635	1	74154	0	87001	0	23924	0	70185	0	45825	0	2766	1	72739	1	9504	0	82742	0	00999661	0	00999661	0	00999661
344	1149	07	1	84376	1	75299	0	86971	0	35937	0	54431	0	4854	0	30424	1	67009	1	94869	0	82239	0	0099966	0	0099966	0	0099966
345	1152	6	1	76255	1	71149	0	87114	0	35937	0	54431	0	4854	0	30424	1	67009	1	94869	0	82239	0	00999659	0	00999659	0	00999659
346	1155	82	1	88565	1	70546	0	85833	0	35937	0	54431	0	4854	0	30424	1	67009	1	94869	0	82239	0	00999658	0	00999658	0	00999658
347	1159	18	1	83439	1	74906	0	86147	0	35937	0	54431	0	4854	0	30424	1	67009	1	94869	0	82239	0	00999657	0	00999657	0	00999657
348	1162	79	1	7694	1	62801	0	87462	0	33589	0	5997	0	48587	0	30689	1	73299	1	81886	0	81683	0	00999656	0	00999656	0	00999656
349	1165	97	1	97379	1	78881	0	8681	0	33589	0	5997	0	48587	0	30689	1	73299	1	81886	0	81683	0	00999655	0	00999655	0	00999655
350	1168	91	1	66296	1	69682	0	8784	0	33589	0	5997	0	48587	0	30689	1	73299	1	81886	0	81683	0	00999654	0	00999654	0	00999654
351	1172	07	1	98037	1	82439	0	86872	0	33589	0	5997	0	48587	0	30689	1	73299	1	81886	0	81683	0	00999654	0	00999654	0	00999654
352	1175	24	2	17235	1	80875	0	87275	0	52684	0	52403	0	48291	0	28867	1	53761	1	84903	0	80718	0	00999653	0	00999653	0	00999653
353	1178	37	1	75414	1	6055	0	88445	0	52684	0	52403	0	48291	0	28867	1	53761	1	84903	0	80718	0	00999652	0	00999652	0	00999652
354	1181	68	1	9082	1	74032	0	86051	0	52684	0	52403	0	48291	0	28867	1	53761	1	84903	0	80718	0	00999651	0	00999651	0	00999651
355	1185	21	1	83988	1	78139	0	86141	0	52684	0	52403	0	48291	0	28867	1	53761	1	84903	0	80718	0	0099965	0	0099965	0	0099965
356	1188	83	1	86287	1	75615	0	86093	0	38292	0	52536	0	49266	0	30794	1	5807	1	76607	0	81116	0	00999649	0	00999649	0	00999649
357	1192	4	1	92869	1	71101	0	86631	0	38292	0	52536	0	49266	0	30794	1	5807	1	76607	0	81116	0	00999648	0	00999648	0	00999648
358	1195	7	1	90364	1	62481	0	86027	0	38292	0	52536	0	49266	0	30794	1	5807	1	76607	0	81116	0	00999647	0	00999647	0	00999647
359	1199	15	1	8059	1	57529	0	86924	0	38292	0	52536	0	49266	0	30794	1	5807	1	76607	0	81116	0	00999646	0	00999646	0	00999646
360	1202	66	2	20404	1	70541	0	86342	0	54401	0	51594	0	50324	0	32197	1	60318	1	84788	0	82753	0	00999645	0	00999645	0	00999645
361	1206	12	1	73373	1	6929	0	87995	0	54401	0	51594	0	50324	0	32197	1	60318	1	84788	0	82753	0	00999644	0	00999644	0	00999644
362	1209	51	1	74148	1	58257	0	86331	0	54401	0	51594	0	50324	0	32197	1	60318	1	84788	0	82753	0	00999643	0	00999643	0	00999643
363	1213	18	1	65978	1	63162	0	87746	0	54401	0	51594	0	50324	0	32197	1	60318	1	84788	0	82753	0	00999642	0	00999642	0	00999642
364	1216	4	1	78567	1	67992	0	87566	0	46353	0	53018	0	51788	0	35056	1	46354	1	77097	0	80803	0	00999641	0	00999641	0	00999641
365	1219	8	1	7754	1	67606	0	8636	0	46353	0	53018	0	51788	0	35056	1	46354	1	77097	0	80803	0	0099964	0	0099964	0	0099964
366	1223	18	1	83581	1	59492	0	85513	0	46353	0	53018	0	51788	0	35056	1	46354	1	77097	0	80803	0	00999639	0	00999639	0	00999639
367	1226	5	1	56179	1	61027	0	87078	0	46353	0	53018	0	51788	0	35056	1	46354	1	77097	0	80803	0	00999638	0	00999638	0	00999638
368	1229	74	1	69465	1	5582	0	85607	0	51546	0	47901	0	51654	0	30851	1	74196	1	81026	0	83743	0	00999637	0	00999637	0	00999637
369	1233	42	2	01968	1	86685	0	89205	0	51546	0	47901	0	51654	0	30851	1	74196	1	81026	0	83743	0	00999636	0	00999636	0	00999636
370	1237	07	1	91944	1	65242	0	86457	0	51546	0	47901	0	51654	0	30851	1	74196	1	81026	0	83743	0	00999635	0	00999635	0	00999635
371	1240	6	1	83051	1	68655	0	87019	0	51546	0	47901	0	51654	0	30851	1	74196	1	81026	0	83743	0	00999634	0	00999634	0	00999634
372	1243	96	1	83226	1	62379	0	86608	0	40907	0	56358	0	52087	0	35534	1	49632	1	73767	0	80393	0	00999633	0	00999633	0	00999633
373	1247	68	1	88363	1	68589	0	8576	0	40907	0	56358	0	52087	0	35534	1	49632	1	73767	0	80393	0	00999632	0	00999632	0	00999632
374	1251	12	1	76615	1	60835	0	87849	0	40907	0	56358	0	52087	0	35534	1	49632	1	73767	0	80393	0	00999631	0	00999631	0	00999631
375	1254	77	1	78248	1	63772	0	85125	0	40907	0	56358	0	52087	0	35534	1	49632	1	73767	0	80393	0	0099963	0	0099963	0	0099963
376	1258	06	1	66812	1	5912	0	86644	0	47702	0	61914	0	55012	0	34781	1	71437	1	74144	0	82457	0	00999629	0	00999629	0	00999629
377	1261	76	1	86555	1	71431	0	8677	0	47702	0	61914	0	55012	0	34781	1	71437	1	74144	0	82457	0	00999628	0	00999628	0	00999628
378	1265	22	1	91458	1	7622	0	86432	0	47702	0	61914	0	55012	0	34781	1	71437	1	74144	0	82457	0	00999627	0	00999627	0	00999627
379	1268	7	1	85593	1	68349	0	88071	0	47702	0	61914	0	55012	0	34781	1	71437	1	74144	0	82457	0	00999626	0	00999626	0	00999626
380	1272	31	1	78268	1	63488	0	87828	0	50372	0	49536	0	53735	0	3528	1	48288	1	75037	0	80719	0	00999625	0	00999625	0	00999625
381	1275	95	1	88413	1	6907	0	85849	0	50372	0	49536	0	53735	0	3528	1	48288	1	75037	0	80719	0	00999624	0	00999624	0	00999624
382	1279	63	1	75245	1	75525	0	87327	0	50372	0	49536	0	53735	0	3528	1	48288	1	75037	0	80719	0	00999623	0	00999623	0	00999623
383	1283	2	1	77911	1	66402	0	85935	0	50372	0	49536	0	53735	0	3528	1	48288	1	75037	0	80719	0	00999622	0	00999622	0	00999622
384	1286	61	1	85172	1	64695	0	85992	0	46743	0	54836	0	52625	0	32928	1	72405	1	7456	0	82854	0	00999621	0	00999621	0	00999621
385	1290	27	2	14196	1	70667	0	86841	0	46743	0	54836	0	52625	0	32928	1	72405	1	7456	0	82854	0	0099962	0	0099962	0	0099962
386	1293	59	1	8389	1	62215	0	901	0	46743	0	54836	0	52625	0	32928	1	72405	1	7456	0	82854	0	00999619	0	00999619	0	00999619
387	1297	07	1	95169	1	60834	0	88287	0	46743	0	54836	0	52625	0	32928	1	72405	1	7456	0	82854	0	00999618	0	00999618	0	00999618
388	1300	75	2	04204	1	6448	0	88108	0	46129	0	56888	0	54354	0	3408	1	49176	1	74062	0	80666	0	00999617	0	00999617	0	00999617
389	1304	22	1	77427	1	62923	0	87502	0	46129	0	56888	0	54354	0	3408	1	49176	1	74062	0	80666	0	00999616	0	00999616	0	00999616
390	1308	1	1	93326	1	66927	0	864	0	46129	0	56888	0	54354	0	3408	1	49176	1	74062	0	80666	0	00999615	0	00999615	0	00999615
391	1311	55	2	04902	1	79973	0	87338	0	46129	0	56888	0	54354	0	3408	1	49176	1	74062	0	80666	0	00999614	0	00999614	0	00999614
392	1314	89	1	60762	1	5881	0	88012	0	4256	0	6139	0	55793	0	35035	1	64176	1	71788	0	82386	0	00999613	0	00999613	0	00999613
393	1318	12	1	87422	1	55126	0	87495	0	4256	0	6139	0	55793	0	35035	1	64176	1	71788	0	82386	0	00999612	0	00999612	0	00999612
394	1322	22	2	19444	1	73473	0	86921	0	4256	0	6139	0	55793	0	35035	1	64176	1	71788	0	82386	0	00999611	0	00999611	0	00999611
395	1325	83	2	14262	1	75784	0	90244	0	4256	0	6139	0	55793	0	35035	1	64176	1	71788	0	82386	0	0099961	0	0099961	0	0099961
396	1329	19	1	82743	1	59408	0	87234	0	45168	0	6048	0	53973	0	34987	1	48079	1	72097	0	8055	0	00999609	0	00999609	0	00999609
397	1332	53	1	67379	1	53102	0	86119	0	45168	0	6048	0	53973	0	34987	1	48079	1	72097	0	8055	0	00999608	0	00999608	0	00999608
398	1336	08	1	67533	1	58296	0	86081	0	45168	0	6048	0	53973	0	34987	1	48079	1	72097	0	8055	0	00999607	0	00999607	0	00999607
399	1339	61	1	89081	1	61444	0	86339	0	45168	0	6048	0	53973	0	34987	1	48079	1	72097	0	8055	0	00999606	0	00999606	0	00999606
400	1343	19	1	62941	1	55364	0	87235	0	42045	0	59908	0	52679	0	31387	1	70026	1	73822	0	81978	0	00999605	0	00999605	0	00999605
401	1346	85	2	04459	1	6676	0	87291	0	42045	0	59908	0	52679	0	31387	1	70026	1	73822	0	81978	0	00999604	0	00999604	0	00999604
402	1350	31	1	94897	1	56089	0	86551	0	42045	0	59908	0	52679	0	31387	1	70026	1	73822	0	81978	0	00999603	0	00999603	0	00999603
403	1353	68	1	91323	1	52307	0	85893	0	42045	0	59908	0	52679	0	31387	1	70026	1	73822	0	81978	0	00999602	0	00999602	0	00999602
404	1357	06	2	05616	1	61136	0	875	0	40904	0	61582	0	52398	0	34586	1	48141	1	7495	0	80912	0	00999601	0	00999601	0	00999601
405	1360	39	1	61516	1	58104	0	88007	0	40904	0	61582	0	52398	0	34586	1	48141	1	7495	0	80912	0	009996	0	009996	0	009996
406	1364	03	1	73849	1	56072	0	88667	0	40904	0	61582	0	52398	0	34586	1	48141	1	7495	0	80912	0	00999599	0	00999599	0	00999599
407	1367	56	1	80988	1	62447	0	86514	0	40904	0	61582	0	52398	0	34586	1	48141	1	7495	0	80912	0	00999598	0	00999598	0	00999598
408	1370	82	1	6893	1	54529	0	85948	0	49288	0	59305	0	57576	0	3727	1	63882	1	69533	0	81737	0	00999597	0	00999597	0	00999597
409	1374	13	1	76568	1	52079	0	88574	0	49288	0	59305	0	57576	0	3727	1	63882	1	69533	0	81737	0	00999596	0	00999596	0	00999596
410	1377	62	2	09335	1	68943	0	86711	0	49288	0	59305	0	57576	0	3727	1	63882	1	69533	0	81737	0	00999595	0	00999595	0	00999595
411	1381	54	1	86792	1	56387	0	8744	0	49288	0	59305	0	57576	0	3727	1	63882	1	69533	0	81737	0	00999594	0	00999594	0	00999594
412	1385	43	1	86575	1	69846	0	87138	0	45188	0	51936	0	52144	0	34139	1	49532	1	74105	0	80651	0	00999593	0	00999593	0	00999593
413	1388	92	1	72097	1	5667	0	87974	0	45188	0	51936	0	52144	0	34139	1	49532	1	74105	0	80651	0	00999592	0	00999592	0	00999592
414	1392	5	2	04844	1	6949	0	86015	0	45188	0	51936	0	52144	0	34139	1	49532	1	74105	0	80651	0	00999591	0	00999591	0	00999591
415	1396	2	1	73305	1	53944	0	872	0	45188	0	51936	0	52144	0	34139	1	49532	1	74105	0	80651	0	0099959	0	0099959	0	0099959
416	1399	59	1	74085	1	53224	0	86707	0	46939	0	59444	0	57266	0	36451	1	52061	1	69962	0	81335	0	00999589	0	00999589	0	00999589
417	1402	82	1	63632	1	51375	0	86516	0	46939	0	59444	0	57266	0	36451	1	52061	1	69962	0	81335	0	00999588	0	00999588	0	00999588
418	1406	07	1	54407	1	36934	0	85941	0	46939	0	59444	0	57266	0	36451	1	52061	1	69962	0	81335	0	00999587	0	00999587	0	00999587
419	1409	74	2	04021	1	63323	0	86779	0	46939	0	59444	0	57266	0	36451	1	52061	1	69962	0	81335	0	00999586	0	00999586	0	00999586
420	1413	36	1	82847	1	63244	0	87122	0	43845	0	56911	0	55615	0	36472	1	46743	1	6904	0	80225	0	00999585	0	00999585	0	00999585
421	1417	03	1	78092	1	54597	0	87388	0	43845	0	56911	0	55615	0	36472	1	46743	1	6904	0	80225	0	00999584	0	00999584	0	00999584
422	1420	36	1	76456	1	52514	0	87665	0	43845	0	56911	0	55615	0	36472	1	46743	1	6904	0	80225	0	00999583	0	00999583	0	00999583
423	1424	08	1	87727	1	61115	0	88091	0	43845	0	56911	0	55615	0	36472	1	46743	1	6904	0	80225	0	00999582	0	00999582	0	00999582
424	1427	82	1	90332	1	75862	0	88353	0	48479	0	58942	0	56732	0	35611	1	54834	1	63624	0	81323	0	00999581	0	00999581	0	00999581
425	1431	13	1	67344	1	44806	0	85945	0	48479	0	58942	0	56732	0	35611	1	54834	1	63624	0	81323	0	0099958	0	0099958	0	0099958
426	1434	53	1	62953	1	4756	0	86147	0	48479	0	58942	0	56732	0	35611	1	54834	1	63624	0	81323	0	00999579	0	00999579	0	00999579
427	1438	1	83019	1	58459	0	85845	0	48479	0	58942	0	56732	0	35611	1	54834	1	63624	0	81323	0	00999578	0	00999578	0	00999578
428	1441	26	1	71232	1	54501	0	86377	0	4418	0	57758	0	56255	0	36948	1	45119	1	65936	0	80615	0	00999577	0	00999577	0	00999577
429	1444	69	1	75765	1	52021	0	86811	0	4418	0	57758	0	56255	0	36948	1	45119	1	65936	0	80615	0	00999576	0	00999576	0	00999576
430	1448	2	1	88956	1	55708	0	86009	0	4418	0	57758	0	56255	0	36948	1	45119	1	65936	0	80615	0	00999575	0	00999575	0	00999575
431	1451	4	1	89225	1	5621	0	86102	0	4418	0	57758	0	56255	0	36948	1	45119	1	65936	0	80615	0	00999574	0	00999574	0	00999574
432	1455	14	1	90654	1	61844	0	86007	0	48053	0	58907	0	57501	0	37973	1	45946	1	53667	0	81631	0	00999573	0	00999573	0	00999573
433	1458	49	1	8711	1	55262	0	86332	0	48053	0	58907	0	57501	0	37973	1	45946	1	53667	0	81631	0	00999572	0	00999572	0	00999572
434	1462	21	1	73697	1	57224	0	86275	0	48053	0	58907	0	57501	0	37973	1	45946	1	53667	0	81631	0	00999571	0	00999571	0	00999571
435	1465	82	1	74035	1	48323	0	87811	0	48053	0	58907	0	57501	0	37973	1	45946	1	53667	0	81631	0	0099957	0	0099957	0	0099957
436	1469	32	1	49907	1	38714	0	86285	0	53891	0	584	0	5836	0	37198	1	44577	1	64895	0	80158	0	00999569	0	00999569	0	00999569
437	1473	02	1	9277	1	55867	0	86434	0	53891	0	584	0	5836	0	37198	1	44577	1	64895	0	80158	0	00999568	0	00999568	0	00999568
438	1476	62	1	71378	1	51873	0	86985	0	53891	0	584	0	5836	0	37198	1	44577	1	64895	0	80158	0	00999567	0	00999567	0	00999567
439	1479	82	1	62731	1	43727	0	8876	0	53891	0	584	0	5836	0	37198	1	44577	1	64895	0	80158	0	00999566	0	00999566	0	00999566
440	1483	75	1	71565	1	51307	0	89217	0	65001	0	53466	0	5969	0	39783	1	43363	1	57022	0	80856	0	00999565	0	00999565	0	00999565
441	1487	46	1	87474	1	62336	0	85896	0	65001	0	53466	0	5969	0	39783	1	43363	1	57022	0	80856	0	00999564	0	00999564	0	00999564
442	1491	2	1	52493	1	38768	0	85745	0	65001	0	53466	0	5969	0	39783	1	43363	1	57022	0	80856	0	00999563	0	00999563	0	00999563
443	1495	03	1	59479	1	42992	0	85087	0	65001	0	53466	0	5969	0	39783	1	43363	1	57022	0	80856	0	00999562	0	00999562	0	00999562
444	1498	4	1	70499	1	51351	0	8749	0	54439	0	58441	0	59015	0	37402	1	47797	1	62708	0	79808	0	00999561	0	00999561	0	00999561
445	1502	02	1	917	1	52102	0	88203	0	54439	0	58441	0	59015	0	37402	1	47797	1	62708	0	79808	0	0099956	0	0099956	0	0099956
446	1505	19	1	71505	1	4187	0	86042	0	54439	0	58441	0	59015	0	37402	1	47797	1	62708	0	79808	0	00999559	0	00999559	0	00999559
447	1508	65	1	86362	1	52077	0	8773	0	54439	0	58441	0	59015	0	37402	1	47797	1	62708	0	79808	0	00999558	0	00999558	0	00999558
448	1512	82	2	02879	1	60799	0	85604	0	5916	0	53457	0	60842	0	38203	1	47783	1	51863	0	81077	0	00999557	0	00999557	0	00999557
449	1516	64	1	81459	1	54752	0	86893	0	5916	0	53457	0	60842	0	38203	1	47783	1	51863	0	81077	0	00999556	0	00999556	0	00999556
450	1519	89	1	59247	1	40752	0	8948	0	5916	0	53457	0	60842	0	38203	1	47783	1	51863	0	81077	0	00999555	0	00999555	0	00999555
451	1523	07	1	52984	1	3607	0	87469	0	5916	0	53457	0	60842	0	38203	1	47783	1	51863	0	81077	0	00999554	0	00999554	0	00999554
452	1527	03	1	7509	1	46647	0	86908	0	54612	0	58685	0	59166	0	36727	1	55193	1	61298	0	80264	0	00999554	0	00999554	0	00999554
453	1530	62	1	91099	1	55529	0	86098	0	54612	0	58685	0	59166	0	36727	1	55193	1	61298	0	80264	0	00999553	0	00999553	0	00999553
454	1534	22	1	9693	1	46615	0	86663	0	54612	0	58685	0	59166	0	36727	1	55193	1	61298	0	80264	0	00999552	0	00999552	0	00999552
455	1537	3	1	70953	1	41105	0	86644	0	54612	0	58685	0	59166	0	36727	1	55193	1	61298	0	80264	0	00999551	0	00999551	0	00999551
456	1540	98	1	7018	1	45845	0	87338	0	55526	0	56875	0	59591	0	40404	1	47553	1	66232	0	80071	0	0099955	0	0099955	0	0099955
457	1544	54	1	62802	1	40601	0	85527	0	55526	0	56875	0	59591	0	40404	1	47553	1	66232	0	80071	0	00999549	0	00999549	0	00999549
458	1547	82	1	57337	1	44639	0	85759	0	55526	0	56875	0	59591	0	40404	1	47553	1	66232	0	80071	0	00999548	0	00999548	0	00999548
459	1551	15	1	68393	1	53445	0	87435	0	55526	0	56875	0	59591	0	40404	1	47553	1	66232	0	80071	0	00999547	0	00999547	0	00999547
460	1554	52	1	66713	1	5088	0	84916	0	64262	0	52886	0	6154	0	3879	1	58354	1	61546	0	80204	0	00999546	0	00999546	0	00999546
461	1557	79	1	85468	1	42009	0	85763	0	64262	0	52886	0	6154	0	3879	1	58354	1	61546	0	80204	0	00999545	0	00999545	0	00999545
462	1560	93	1	63435	1	36381	0	85251	0	64262	0	52886	0	6154	0	3879	1	58354	1	61546	0	80204	0	00999544	0	00999544	0	00999544
463	1564	25	1	86342	1	42037	0	8415	0	64262	0	52886	0	6154	0	3879	1	58354	1	61546	0	80204	0	00999543	0	00999543	0	00999543
464	1567	4	1	60531	1	40162	0	85674	0	60773	0	5716	0	60892	0	41375	1	36887	1	47878	0	80614	0	00999542	0	00999542	0	00999542
465	1570	95	1	63947	1	41798	0	85517	0	60773	0	5716	0	60892	0	41375	1	36887	1	47878	0	80614	0	00999541	0	00999541	0	00999541
466	1574	21	1	5992	1	38625	0	87821	0	60773	0	5716	0	60892	0	41375	1	36887	1	47878	0	80614	0	0099954	0	0099954	0	0099954
467	1577	86	1	88694	1	53086	0	84579	0	60773	0	5716	0	60892	0	41375	1	36887	1	47878	0	80614	0	00999539	0	00999539	0	00999539
468	1581	34	1	6583	1	41235	0	86245	0	53489	0	62629	0	60323	0	38934	1	50304	1	54957	0	8017	0	00999538	0	00999538	0	00999538
469	1584	48	1	41377	1	2439	0	85924	0	53489	0	62629	0	60323	0	38934	1	50304	1	54957	0	8017	0	00999537	0	00999537	0	00999537
470	1588	2	1	62474	1	33761	0	85301	0	53489	0	62629	0	60323	0	38934	1	50304	1	54957	0	8017	0	00999536	0	00999536	0	00999536
471	1592	07	1	998	1	53201	0	85754	0	53489	0	62629	0	60323	0	38934	1	50304	1	54957	0	8017	0	00999535	0	00999535	0	00999535
472	1595	53	1	67553	1	37423	0	83827	0	5398	0	63237	0	60571	0	38778	1	48971	1	52715	0	80622	0	00999534	0	00999534	0	00999534
473	1598	93	1	5818	1	40513	0	88984	0	5398	0	63237	0	60571	0	38778	1	48971	1	52715	0	80622	0	00999533	0	00999533	0	00999533
474	1602	13	1	92826	1	61954	0	84341	0	5398	0	63237	0	60571	0	38778	1	48971	1	52715	0	80622	0	00999532	0	00999532	0	00999532
475	1605	52	1	70447	1	42933	0	85649	0	5398	0	63237	0	60571	0	38778	1	48971	1	52715	0	80622	0	00999531	0	00999531	0	00999531
476	1609	17	1	60984	1	31745	0	86276	0	53067	0	58521	0	59845	0	38567	1	46232	1	50911	0	79943	0	0099953	0	0099953	0	0099953
477	1612	93	1	80797	1	45534	0	8534	0	53067	0	58521	0	59845	0	38567	1	46232	1	50911	0	79943	0	00999529	0	00999529	0	00999529
478	1616	6	1	88153	1	51204	0	85551	0	53067	0	58521	0	59845	0	38567	1	46232	1	50911	0	79943	0	00999528	0	00999528	0	00999528
479	1620	04	1	74002	1	51046	0	85462	0	53067	0	58521	0	59845	0	38567	1	46232	1	50911	0	79943	0	00999527	0	00999527	0	00999527
480	1623	39	1	66943	1	48707	0	85985	0	48527	0	63394	0	61153	0	41812	1	40934	1	51344	0	80851	0	00999526	0	00999526	0	00999526
481	1626	86	1	86283	1	45801	0	84911	0	48527	0	63394	0	61153	0	41812	1	40934	1	51344	0	80851	0	00999525	0	00999525	0	00999525
482	1630	56	1	82137	1	41448	0	85022	0	48527	0	63394	0	61153	0	41812	1	40934	1	51344	0	80851	0	00999524	0	00999524	0	00999524
483	1634	23	1	72653	1	42471	0	87734	0	48527	0	63394	0	61153	0	41812	1	40934	1	51344	0	80851	0	00999523	0	00999523	0	00999523
484	1637	57	1	69703	1	41565	0	86611	0	48157	0	59099	0	60383	0	38707	1	45244	1	47652	0	80064	0	00999522	0	00999522	0	00999522
485	1640	97	1	68076	1	42758	0	85735	0	48157	0	59099	0	60383	0	38707	1	45244	1	47652	0	80064	0	00999521	0	00999521	0	00999521
486	1644	63	1	71024	1	43796	0	85771	0	48157	0	59099	0	60383	0	38707	1	45244	1	47652	0	80064	0	0099952	0	0099952	0	0099952
487	1648	39	1	72124	1	45169	0	86235	0	48157	0	59099	0	60383	0	38707	1	45244	1	47652	0	80064	0	00999519	0	00999519	0	00999519
488	1651	87	1	76638	1	45673	0	83995	0	52862	0	5826	0	61269	0	41182	1	4018	1	56803	0	80392	0	00999518	0	00999518	0	00999518
489	1655	44	1	6638	1	33336	0	85022	0	52862	0	5826	0	61269	0	41182	1	4018	1	56803	0	80392	0	00999517	0	00999517	0	00999517
490	1659	02	2	14532	1	55475	0	84982	0	52862	0	5826	0	61269	0	41182	1	4018	1	56803	0	80392	0	00999516	0	00999516	0	00999516
491	1662	47	1	61722	1	34713	0	85288	0	52862	0	5826	0	61269	0	41182	1	4018	1	56803	0	80392	0	00999515	0	00999515	0	00999515
492	1665	72	1	72255	1	44766	0	87819	0	63643	0	52367	0	60023	0	3732	1	53104	1	61324	0	80359	0	00999514	0	00999514	0	00999514
493	1669	5	1	61297	1	37936	0	85929	0	63643	0	52367	0	60023	0	3732	1	53104	1	61324	0	80359	0	00999513	0	00999513	0	00999513
494	1673	33	1	68372	1	44841	0	84627	0	63643	0	52367	0	60023	0	3732	1	53104	1	61324	0	80359	0	00999512	0	00999512	0	00999512
495	1677	04	1	63245	1	40292	0	86229	0	63643	0	52367	0	60023	0	3732	1	53104	1	61324	0	80359	0	00999511	0	00999511	0	00999511
496	1680	57	1	64542	1	36087	0	86075	0	51917	0	58713	0	60228	0	40335	1	40295	1	55314	0	79417	0	0099951	0	0099951	0	0099951
497	1684	05	1	64153	1	3558	0	8522	0	51917	0	58713	0	60228	0	40335	1	40295	1	55314	0	79417	0	00999509	0	00999509	0	00999509
498	1687	42	1	77113	1	43118	0	84789	0	51917	0	58713	0	60228	0	40335	1	40295	1	55314	0	79417	0	00999508	0	00999508	0	00999508
499	1690	67	1	87811	1	45842	0	83683	0	51917	0	58713	0	60228	0	40335	1	40295	1	55314	0	79417	0	00999507	0	00999507	0	00999507
500	1694	13	1	65835	1	28654	0	83441	0	45578	0	59431	0	59258	0	38635	1	42911	1	52025	0	80126	0	00999506	0	00999506	0	00999506
501	1697	3	1	58667	1	39856	0	86767	0	45578	0	59431	0	59258	0	38635	1	42911	1	52025	0	80126	0	00999505	0	00999505	0	00999505
502	1700	69	1	62124	1	36913	0	84929	0	45578	0	59431	0	59258	0	38635	1	42911	1	52025	0	80126	0	00999504	0	00999504	0	00999504
503	1704	23	1	61487	1	36001	0	8643	0	45578	0	59431	0	59258	0	38635	1	42911	1	52025	0	80126	0	00999503	0	00999503	0	00999503
504	1708	19	1	64788	1	42354	0	84304	0	68027	0	52208	0	60808	0	39403	1	48702	1	50273	0	80441	0	00999502	0	00999502	0	00999502
505	1711	94	1	68872	1	38539	0	85506	0	68027	0	52208	0	60808	0	39403	1	48702	1	50273	0	80441	0	00999501	0	00999501	0	00999501
506	1715	65	1	73129	1	40187	0	84501	0	68027	0	52208	0	60808	0	39403	1	48702	1	50273	0	80441	0	009995	0	009995	0	009995
507	1719	3	1	68008	1	37755	0	86306	0	68027	0	52208	0	60808	0	39403	1	48702	1	50273	0	80441	0	00999499	0	00999499	0	00999499
508	1723	18	1	89688	1	42981	0	85356	0	65252	0	51453	0	61632	0	41566	1	33146	1	48404	0	79705	0	00999498	0	00999498	0	00999498
509	1726	56	1	44128	1	22264	0	86128	0	65252	0	51453	0	61632	0	41566	1	33146	1	48404	0	79705	0	00999497	0	00999497	0	00999497
510	1729	99	1	71417	1	35807	0	85823	0	65252	0	51453	0	61632	0	41566	1	33146	1	48404	0	79705	0	00999496	0	00999496	0	00999496
511	1733	31	1	46537	1	29271	0	84164	0	65252	0	51453	0	61632	0	41566	1	33146	1	48404	0	79705	0	00999495	0	00999495	0	00999495
512	1736	98	1	74383	1	48103	0	85031	0	55485	0	58107	0	60956	0	39212	1	51475	1	4936	0	80873	0	00999494	0	00999494	0	00999494
513	1740	46	1	96663	1	44725	0	86913	0	55485	0	58107	0	60956	0	39212	1	51475	1	4936	0	80873	0	00999493	0	00999493	0	00999493
514	1744	07	1	74269	1	32756	0	84852	0	55485	0	58107	0	60956	0	39212	1	51475	1	4936	0	80873	0	00999492	0	00999492	0	00999492
515	1747	42	1	90779	1	43115	0	84576	0	55485	0	58107	0	60956	0	39212	1	51475	1	4936	0	80873	0	00999491	0	00999491	0	00999491
516	1750	96	1	72747	1	3173	0	85622	0	5547	0	60947	0	61602	0	42552	1	3537	1	48562	0	80546	0	0099949	0	0099949	0	0099949
517	1754	54	1	45241	1	22992	0	86148	0	5547	0	60947	0	61602	0	42552	1	3537	1	48562	0	80546	0	00999489	0	00999489	0	00999489
518	1757	84	1	4778	1	22224	0	883	0	5547	0	60947	0	61602	0	42552	1	3537	1	48562	0	80546	0	00999488	0	00999488	0	00999488
519	1761	43	1	71058	1	39692	0	85225	0	5547	0	60947	0	61602	0	42552	1	3537	1	48562	0	80546	0	00999487	0	00999487	0	00999487
520	1765	03	1	63088	1	34835	0	84856	0	46108	0	59872	0	61083	0	40639	1	47203	1	4753	0	80681	0	00999486	0	00999486	0	00999486
521	1768	53	1	71675	1	2998	0	8605	0	46108	0	59872	0	61083	0	40639	1	47203	1	4753	0	80681	0	00999485	0	00999485	0	00999485
522	1771	84	1	8643	1	46248	0	86102	0	46108	0	59872	0	61083	0	40639	1	47203	1	4753	0	80681	0	00999484	0	00999484	0	00999484
523	1775	14	1	75509	1	37949	0	85114	0	46108	0	59872	0	61083	0	40639	1	47203	1	4753	0	80681	0	00999483	0	00999483	0	00999483
524	1778	55	1	61152	1	32128	0	87019	0	52993	0	57678	0	61163	0	42074	1	36055	1	52182	0	80844	0	00999482	0	00999482	0	00999482
525	1781	74	1	55399	1	25147	0	84928	0	52993	0	57678	0	61163	0	42074	1	36055	1	52182	0	80844	0	00999481	0	00999481	0	00999481
526	1785	1	1	56234	1	29632	0	857	0	52993	0	57678	0	61163	0	42074	1	36055	1	52182	0	80844	0	0099948	0	0099948	0	0099948
527	1788	49	1	58122	1	31094	0	8674	0	52993	0	57678	0	61163	0	42074	1	36055	1	52182	0	80844	0	00999479	0	00999479	0	00999479
528	1792	1	48383	1	27659	0	85263	0	69567	0	52155	0	62084	0	42231	1	37121	1	45728	0	80021	0	00999478	0	00999478	0	00999478
529	1795	4	2	06387	1	45735	0	85825	0	69567	0	52155	0	62084	0	42231	1	37121	1	45728	0	80021	0	00999477	0	00999477	0	00999477
530	1798	93	2	11181	1	4138	0	83644	0	69567	0	52155	0	62084	0	42231	1	37121	1	45728	0	80021	0	00999476	0	00999476	0	00999476
531	1802	57	1	69464	1	37368	0	85444	0	69567	0	52155	0	62084	0	42231	1	37121	1	45728	0	80021	0	00999475	0	00999475	0	00999475
532	1806	35	1	91789	1	39237	0	85657	0	54949	0	55667	0	60874	0	41364	1	37579	1	5058	0	80653	0	00999474	0	00999474	0	00999474
533	1809	92	1	68829	1	30909	0	86822	0	54949	0	55667	0	60874	0	41364	1	37579	1	5058	0	80653	0	00999473	0	00999473	0	00999473
534	1813	25	1	6411	1	33091	0	86534	0	54949	0	55667	0	60874	0	41364	1	37579	1	5058	0	80653	0	00999472	0	00999472	0	00999472
535	1816	77	1	59554	1	22215	0	85721	0	54949	0	55667	0	60874	0	41364	1	37579	1	5058	0	80653	0	00999471	0	00999471	0	00999471
536	1820	24	1	66114	1	41149	0	84294	0	47227	0	61148	0	61674	0	40802	1	47692	1	45251	0	797	0	0099947	0	0099947	0	0099947
537	1823	89	1	71043	1	26681	0	86035	0	47227	0	61148	0	61674	0	40802	1	47692	1	45251	0	797	0	00999469	0	00999469	0	00999469
538	1827	36	2	02023	1	36757	0	82721	0	47227	0	61148	0	61674	0	40802	1	47692	1	45251	0	797	0	00999468	0	00999468	0	00999468
539	1830	8	1	79951	1	2766	0	84303	0	47227	0	61148	0	61674	0	40802	1	47692	1	45251	0	797	0	00999467	0	00999467	0	00999467
540	1834	28	1	75442	1	35189	0	86159	0	51377	0	60391	0	56689	0	40891	1	29155	1	53579	0	79852	0	00999466	0	00999466	0	00999466
541	1837	91	1	58899	1	31874	0	85014	0	51377	0	60391	0	56689	0	40891	1	29155	1	53579	0	79852	0	00999465	0	00999465	0	00999465
542	1841	46	1	64321	1	3521	0	84564	0	51377	0	60391	0	56689	0	40891	1	29155	1	53579	0	79852	0	00999464	0	00999464	0	00999464
543	1844	83	1	5672	1	3212	0	86761	0	51377	0	60391	0	56689	0	40891	1	29155	1	53579	0	79852	0	00999463	0	00999463	0	00999463
544	1848	26	1	56914	1	26326	0	84408	0	57299	0	56138	0	59781	0	39636	1	56908	1	49069	0	80123	0	00999462	0	00999462	0	00999462
545	1851	66	1	75957	1	26407	0	83754	0	57299	0	56138	0	59781	0	39636	1	56908	1	49069	0	80123	0	00999461	0	00999461	0	00999461
546	1855	01	1	68415	1	2237	0	83475	0	57299	0	56138	0	59781	0	39636	1	56908	1	49069	0	80123	0	0099946	0	0099946	0	0099946
547	1858	23	1	80227	1	32246	0	84086	0	57299	0	56138	0	59781	0	39636	1	56908	1	49069	0	80123	0	00999459	0	00999459	0	00999459
548	1861	8	1	6662	1	25947	0	83762	0	48297	0	59812	0	57721	0	38533	1	3579	1	55938	0	79415	0	00999458	0	00999458	0	00999458
549	1865	36	1	74779	1	34084	0	84358	0	48297	0	59812	0	57721	0	38533	1	3579	1	55938	0	79415	0	00999457	0	00999457	0	00999457
550	1869	08	1	73761	1	48307	0	86542	0	48297	0	59812	0	57721	0	38533	1	3579	1	55938	0	79415	0	00999456	0	00999456	0	00999456
551	1872	49	1	78178	1	41559	0	85105	0	48297	0	59812	0	57721	0	38533	1	3579	1	55938	0	79415	0	00999456	0	00999456	0	00999456
552	1876	46	1	8734	1	49066	0	82958	0	70246	0	51171	0	60434	0	42113	1	37559	1	4277	0	79579	0	00999455	0	00999455	0	00999455
553	1880	2	1	62785	1	28786	0	84679	0	70246	0	51171	0	60434	0	42113	1	37559	1	4277	0	79579	0	00999454	0	00999454	0	00999454
554	1883	73	1	50025	1	21069	0	83735	0	70246	0	51171	0	60434	0	42113	1	37559	1	4277	0	79579	0	00999453	0	00999453	0	00999453
555	1887	17	1	54508	1	26047	0	84143	0	70246	0	51171	0	60434	0	42113	1	37559	1	4277	0	79579	0	00999452	0	00999452	0	00999452
556	1891	13	1	44828	1	28054	0	83175	0	43754	0	66795	0	59431	0	39876	1	41484	1	53488	0	79816	0	00999451	0	00999451	0	00999451
557	1894	42	1	61888	1	34032	0	8403	0	43754	0	66795	0	59431	0	39876	1	41484	1	53488	0	79816	0	0099945	0	0099945	0	0099945
558	1898	29	1	67164	1	33793	0	84472	0	43754	0	66795	0	59431	0	39876	1	41484	1	53488	0	79816	0	00999449	0	00999449	0	00999449
559	1902	42	1	62223	1	38092	0	84679	0	43754	0	66795	0	59431	0	39876	1	41484	1	53488	0	79816	0	00999448	0	00999448	0	00999448
560	1905	92	1	5633	1	27803	0	85504	0	62711	0	53379	0	60656	0	40281	1	40026	1	43868	0	79156	0	00999447	0	00999447	0	00999447
561	1909	19	1	62181	1	25827	0	84715	0	62711	0	53379	0	60656	0	40281	1	40026	1	43868	0	79156	0	00999446	0	00999446	0	00999446
562	1912	6	1	50876	1	28282	0	84455	0	62711	0	53379	0	60656	0	40281	1	40026	1	43868	0	79156	0	00999445	0	00999445	0	00999445
563	1916	08	1	47389	1	23531	0	83203	0	62711	0	53379	0	60656	0	40281	1	40026	1	43868	0	79156	0	00999444	0	00999444	0	00999444
564	1919	2	1	56363	1	25846	0	85291	0	47778	0	63395	0	59187	0	38342	1	40515	1	52051	0	80108	0	00999443	0	00999443	0	00999443
565	1922	83	1	65649	1	38367	0	83351	0	47778	0	63395	0	59187	0	38342	1	40515	1	52051	0	80108	0	00999442	0	00999442	0	00999442
566	1926	06	1	57024	1	2498	0	84455	0	47778	0	63395	0	59187	0	38342	1	40515	1	52051	0	80108	0	00999441	0	00999441	0	00999441
567	1929	57	1	49873	1	23024	0	84736	0	47778	0	63395	0	59187	0	38342	1	40515	1	52051	0	80108	0	0099944	0	0099944	0	0099944
568	1932	75	1	481	1	28826	0	85077	0	68577	0	50827	0	61906	0	42279	1	379	1	47931	0	78945	0	00999439	0	00999439	0	00999439
569	1936	09	1	75447	1	35398	0	81998	0	68577	0	50827	0	61906	0	42279	1	379	1	47931	0	78945	0	00999438	0	00999438	0	00999438
570	1939	59	1	91392	1	39011	0	84205	0	68577	0	50827	0	61906	0	42279	1	379	1	47931	0	78945	0	00999437	0	00999437	0	00999437
571	1943	07	2	04267	1	45794	0	83427	0	68577	0	50827	0	61906	0	42279	1	379	1	47931	0	78945	0	00999436	0	00999436	0	00999436
572	1946	47	1	43554	1	26548	0	83537	0	61424	0	54855	0	63003	0	42691	1	37833	1	53442	0	79475	0	00999435	0	00999435	0	00999435
573	1949	65	1	55662	1	25628	0	83669	0	61424	0	54855	0	63003	0	42691	1	37833	1	53442	0	79475	0	00999434	0	00999434	0	00999434
574	1953	02	1	72227	1	37339	0	85821	0	61424	0	54855	0	63003	0	42691	1	37833	1	53442	0	79475	0	00999433	0	00999433	0	00999433
575	1956	51	1	63726	1	33737	0	84294	0	61424	0	54855	0	63003	0	42691	1	37833	1	53442	0	79475	0	00999432	0	00999432	0	00999432
576	1960	02	1	61373	1	25468	0	84748	0	52146	0	58367	0	62502	0	43139	1	30276	1	43012	0	78652	0	00999431	0	00999431	0	00999431
577	1963	12	1	51293	1	15233	0	83234	0	52146	0	58367	0	62502	0	43139	1	30276	1	43012	0	78652	0	0099943	0	0099943	0	0099943
578	1966	61	1	4935	1	26011	0	8306	0	52146	0	58367	0	62502	0	43139	1	30276	1	43012	0	78652	0	00999429	0	00999429	0	00999429
579	1969	98	1	82542	1	28063	0	84299	0	52146	0	58367	0	62502	0	43139	1	30276	1	43012	0	78652	0	00999428	0	00999428	0	00999428
580	1973	42	1	7882	1	33008	0	84256	0	61186	0	54812	0	61883	0	41377	1	40099	1	44424	0	80097	0	00999427	0	00999427	0	00999427
581	1976	8	1	56731	1	23526	0	84409	0	61186	0	54812	0	61883	0	41377	1	40099	1	44424	0	80097	0	00999426	0	00999426	0	00999426
582	1980	43	1	636	1	32802	0	85238	0	61186	0	54812	0	61883	0	41377	1	40099	1	44424	0	80097	0	00999425	0	00999425	0	00999425
583	1983	88	1	59361	1	271	0	8594	0	61186	0	54812	0	61883	0	41377	1	40099	1	44424	0	80097	0	00999424	0	00999424	0	00999424
584	1987	54	1	70744	1	33637	0	85049	0	64836	0	55519	0	64432	0	44126	1	27862	1	42417	0	78795	0	00999423	0	00999423	0	00999423
585	1991	62	1	66848	1	2603	0	8332	0	64836	0	55519	0	64432	0	44126	1	27862	1	42417	0	78795	0	00999422	0	00999422	0	00999422
586	1995	4	1	85708	1	32032	0	83754	0	64836	0	55519	0	64432	0	44126	1	27862	1	42417	0	78795	0	00999421	0	00999421	0	00999421
587	1999	17	1	5953	1	3053	0	8492	0	64836	0	55519	0	64432	0	44126	1	27862	1	42417	0	78795	0	0099942	0	0099942	0	0099942
588	2002	89	1	79004	1	38583	0	84085	0	62605	0	5575	0	63801	0	43276	1	275	1	35931	0	80064	0	00999419	0	00999419	0	00999419
589	2006	51	1	57716	1	35633	0	84697	0	62605	0	5575	0	63801	0	43276	1	275	1	35931	0	80064	0	00999418	0	00999418	0	00999418
590	2010	3	1	50339	1	27723	0	84271	0	62605	0	5575	0	63801	0	43276	1	275	1	35931	0	80064	0	00999417	0	00999417	0	00999417
591	2014	14	1	62294	1	29196	0	84268	0	62605	0	5575	0	63801	0	43276	1	275	1	35931	0	80064	0	00999416	0	00999416	0	00999416
592	2017	34	1	54224	1	21979	0	86954	0	59027	0	61216	0	64484	0	42504	1	34264	1	38956	0	78938	0	00999415	0	00999415	0	00999415
593	2020	66	1	45915	1	18434	0	84021	0	59027	0	61216	0	64484	0	42504	1	34264	1	38956	0	78938	0	00999414	0	00999414	0	00999414
594	2023	88	1	42872	1	1514	0	83069	0	59027	0	61216	0	64484	0	42504	1	34264	1	38956	0	78938	0	00999413	0	00999413	0	00999413
595	2027	3	1	72848	1	26449	0	8449	0	59027	0	61216	0	64484	0	42504	1	34264	1	38956	0	78938	0	00999412	0	00999412	0	00999412
596	2030	76	1	51994	1	19071	0	83752	0	62127	0	55712	0	63574	0	42076	1	32876	1	44167	0	79989	0	00999411	0	00999411	0	00999411
597	2033	99	1	51973	1	1429	0	8502	0	62127	0	55712	0	63574	0	42076	1	32876	1	44167	0	79989	0	0099941	0	0099941	0	0099941
598	2037	74	1	61187	1	21691	0	84842	0	62127	0	55712	0	63574	0	42076	1	32876	1	44167	0	79989	0	00999409	0	00999409	0	00999409
599	2041	33	1	49098	1	25182	0	82826	0	62127	0	55712	0	63574	0	42076	1	32876	1	44167	0	79989	0	00999408	0	00999408	0	00999408
600	2044	76	1	52865	1	16967	0	85945	0	58254	0	59943	0	66344	0	46397	1	29383	1	42003	0	79186	0	00999407	0	00999407	0	00999407
601	2048	13	1	57704	1	24421	0	83162	0	58254	0	59943	0	66344	0	46397	1	29383	1	42003	0	79186	0	00999406	0	00999406	0	00999406
602	2051	64	1	68991	1	25988	0	84828	0	58254	0	59943	0	66344	0	46397	1	29383	1	42003	0	79186	0	00999405	0	00999405	0	00999405
603	2055	63	2	05017	1	4062	0	8374	0	58254	0	59943	0	66344	0	46397	1	29383	1	42003	0	79186	0	00999404	0	00999404	0	00999404
604	2059	2	1	49759	1	14897	0	83753	0	54248	0	61659	0	66136	0	43977	1	34763	1	43653	0	79792	0	00999403	0	00999403	0	00999403
605	2062	67	1	6727	1	3997	0	84559	0	54248	0	61659	0	66136	0	43977	1	34763	1	43653	0	79792	0	00999402	0	00999402	0	00999402
606	2066	11	1	51669	1	17858	0	84458	0	54248	0	61659	0	66136	0	43977	1	34763	1	43653	0	79792	0	00999401	0	00999401	0	00999401
607	2069	37	1	56805	1	18118	0	82639	0	54248	0	61659	0	66136	0	43977	1	34763	1	43653	0	79792	0	009994	0	009994	0	009994
608	2073	07	1	57002	1	37497	0	84053	0	59432	0	60451	0	65689	0	45309	1	2933	1	34281	0	7933	0	00999399	0	00999399	0	00999399
609	2076	45	1	57407	1	22668	0	82798	0	59432	0	60451	0	65689	0	45309	1	2933	1	34281	0	7933	0	00999398	0	00999398	0	00999398
610	2079	95	1	43195	1	23293	0	83649	0	59432	0	60451	0	65689	0	45309	1	2933	1	34281	0	7933	0	00999397	0	00999397	0	00999397
611	2083	27	1	7084	1	33027	0	83185	0	59432	0	60451	0	65689	0	45309	1	2933	1	34281	0	7933	0	00999396	0	00999396	0	00999396
612	2087	08	1	59976	1	23782	0	83973	0	6128	0	5789	0	64395	0	42039	1	43192	1	3723	0	79846	0	00999395	0	00999395	0	00999395
613	2090	6	1	56109	1	22621	0	84832	0	6128	0	5789	0	64395	0	42039	1	43192	1	3723	0	79846	0	00999394	0	00999394	0	00999394
614	2094	28	1	45693	1	18538	0	85304	0	6128	0	5789	0	64395	0	42039	1	43192	1	3723	0	79846	0	00999393	0	00999393	0	00999393
615	2097	77	1	54457	1	2232	0	8323	0	6128	0	5789	0	64395	0	42039	1	43192	1	3723	0	79846	0	00999392	0	00999392	0	00999392
616	2101	76	1	53347	1	19818	0	84048	0	5658	0	6078	0	64898	0	4261	1	45397	1	38954	0	80317	0	00999391	0	00999391	0	00999391
617	2105	67	1	53949	1	17734	0	84118	0	5658	0	6078	0	64898	0	4261	1	45397	1	38954	0	80317	0	0099939	0	0099939	0	0099939
618	2109	47	1	54918	1	1594	0	83588	0	5658	0	6078	0	64898	0	4261	1	45397	1	38954	0	80317	0	00999389	0	00999389	0	00999389
619	2113	81	2	02393	1	39943	0	83079	0	5658	0	6078	0	64898	0	4261	1	45397	1	38954	0	80317	0	00999388	0	00999388	0	00999388
620	2117	35	1	40962	1	07452	0	83689	0	61842	0	59214	0	67718	0	44946	1	34465	1	35676	0	79617	0	00999387	0	00999387	0	00999387
621	2120	98	1	58645	1	21897	0	84606	0	61842	0	59214	0	67718	0	44946	1	34465	1	35676	0	79617	0	00999386	0	00999386	0	00999386
622	2124	43	1	6029	1	26976	0	84694	0	61842	0	59214	0	67718	0	44946	1	34465	1	35676	0	79617	0	00999385	0	00999385	0	00999385
623	2128	31	1	49132	1	18277	0	8454	0	61842	0	59214	0	67718	0	44946	1	34465	1	35676	0	79617	0	00999384	0	00999384	0	00999384
624	2131	6	1	55218	1	25909	0	84636	0	57773	0	58387	0	65685	0	46246	1	37413	1	36659	0	8047	0	00999383	0	00999383	0	00999383
625	2135	41	1	72142	1	29202	0	87326	0	57773	0	58387	0	65685	0	46246	1	37413	1	36659	0	8047	0	00999382	0	00999382	0	00999382
626	2138	79	1	80181	1	21492	0	83867	0	57773	0	58387	0	65685	0	46246	1	37413	1	36659	0	8047	0	00999381	0	00999381	0	00999381
627	2142	59	1	7861	1	22907	0	8505	0	57773	0	58387	0	65685	0	46246	1	37413	1	36659	0	8047	0	0099938	0	0099938	0	0099938
628	2146	35	1	7813	1	25382	0	84269	0	58323	0	60361	0	68285	0	42241	1	45745	1	36402	0	79694	0	00999379	0	00999379	0	00999379
629	2149	9	1	67321	1	28122	0	84153	0	58323	0	60361	0	68285	0	42241	1	45745	1	36402	0	79694	0	00999378	0	00999378	0	00999378
630	2153	28	1	61403	1	24718	0	84482	0	58323	0	60361	0	68285	0	42241	1	45745	1	36402	0	79694	0	00999377	0	00999377	0	00999377
631	2156	76	1	60782	1	17552	0	85408	0	58323	0	60361	0	68285	0	42241	1	45745	1	36402	0	79694	0	00999376	0	00999376	0	00999376
632	2160	28	1	60531	1	22188	0	85933	0	64443	0	58166	0	67503	0	45775	1	38197	1	36525	0	79629	0	00999375	0	00999375	0	00999375
633	2163	94	1	98202	1	27756	0	84532	0	64443	0	58166	0	67503	0	45775	1	38197	1	36525	0	79629	0	00999374	0	00999374	0	00999374
634	2167	53	1	77699	1	23214	0	83636	0	64443	0	58166	0	67503	0	45775	1	38197	1	36525	0	79629	0	00999373	0	00999373	0	00999373
635	2171	06	1	83772	1	3006	0	84914	0	64443	0	58166	0	67503	0	45775	1	38197	1	36525	0	79629	0	00999372	0	00999372	0	00999372
636	2175	26	1	6707	1	19697	0	84392	0	52334	0	60233	0	68133	0	44351	1	47505	1	35113	0	80426	0	00999371	0	00999371	0	00999371
637	2178	56	1	48897	1	18525	0	84962	0	52334	0	60233	0	68133	0	44351	1	47505	1	35113	0	80426	0	0099937	0	0099937	0	0099937
638	2182	48	1	50542	1	19411	0	85342	0	52334	0	60233	0	68133	0	44351	1	47505	1	35113	0	80426	0	00999369	0	00999369	0	00999369
639	2185	89	1	57979	1	18541	0	85762	0	52334	0	60233	0	68133	0	44351	1	47505	1	35113	0	80426	0	00999368	0	00999368	0	00999368
640	2189	47	1	69098	1	22513	0	84968	0	66184	0	57801	0	68149	0	44592	1	41259	1	31254	0	79947	0	00999367	0	00999367	0	00999367
641	2192	8	1	6095	1	20337	0	8499	0	66184	0	57801	0	68149	0	44592	1	41259	1	31254	0	79947	0	00999366	0	00999366	0	00999366
642	2196	2	1	78127	1	27044	0	83893	0	66184	0	57801	0	68149	0	44592	1	41259	1	31254	0	79947	0	00999365	0	00999365	0	00999365
643	2199	67	1	61824	1	21753	0	85296	0	66184	0	57801	0	68149	0	44592	1	41259	1	31254	0	79947	0	00999364	0	00999364	0	00999364
644	2203	13	1	91726	1	34255	0	84203	0	54655	0	60977	0	67823	0	44436	1	39831	1	34581	0	79517	0	00999363	0	00999363	0	00999363
645	2206	69	1	62501	1	20902	0	83599	0	54655	0	60977	0	67823	0	44436	1	39831	1	34581	0	79517	0	00999362	0	00999362	0	00999362
646	2210	02	1	59794	1	18438	0	8371	0	54655	0	60977	0	67823	0	44436	1	39831	1	34581	0	79517	0	00999361	0	00999361	0	00999361
647	2213	84	1	75415	1	27265	0	8421	0	54655	0	60977	0	67823	0	44436	1	39831	1	34581	0	79517	0	0099936	0	0099936	0	0099936
648	2217	56	1	69054	1	22845	0	8515	0	63422	0	58763	0	67728	0	43332	1	50015	1	37117	0	80643	0	00999359	0	00999359	0	00999359
649	2220	83	1	55387	1	12985	0	85925	0	63422	0	58763	0	67728	0	43332	1	50015	1	37117	0	80643	0	00999358	0	00999358	0	00999358
650	2224	23	1	63907	1	29207	0	8366	0	63422	0	58763	0	67728	0	43332	1	50015	1	37117	0	80643	0	00999357	0	00999357	0	00999357
651	2227	52	1	5773	1	15704	0	83618	0	63422	0	58763	0	67728	0	43332	1	50015	1	37117	0	80643	0	00999356	0	00999356	0	00999356
652	2230	67	1	58406	1	20604	0	86253	0	62183	0	59549	0	67621	0	45855	1	34351	1	39853	0	79494	0	00999356	0	00999356	0	00999356
653	2233	72	1	4068	1	12351	0	84557	0	62183	0	59549	0	67621	0	45855	1	34351	1	39853	0	79494	0	00999355	0	00999355	0	00999355
654	2237	05	1	62705	1	20481	0	84154	0	62183	0	59549	0	67621	0	45855	1	34351	1	39853	0	79494	0	00999354	0	00999354	0	00999354
655	2240	33	1	5162	1	15526	0	84279	0	62183	0	59549	0	67621	0	45855	1	34351	1	39853	0	79494	0	00999353	0	00999353	0	00999353
656	2243	64	1	56149	1	19156	0	85272	0	63192	0	59609	0	67628	0	46987	1	34519	1	3346	0	80201	0	00999352	0	00999352	0	00999352
657	2247	16	1	61171	1	18076	0	84345	0	63192	0	59609	0	67628	0	46987	1	34519	1	3346	0	80201	0	00999351	0	00999351	0	00999351
658	2250	63	1	57405	1	1774	0	85436	0	63192	0	59609	0	67628	0	46987	1	34519	1	3346	0	80201	0	0099935	0	0099935	0	0099935
659	2254	26	1	66857	1	2318	0	84809	0	63192	0	59609	0	67628	0	46987	1	34519	1	3346	0	80201	0	00999349	0	00999349	0	00999349
660	2258	02	1	77649	1	27996	0	83204	0	53096	0	64125	0	67459	0	4301	1	4505	1	42342	0	80316	0	00999348	0	00999348	0	00999348
661	2261	37	1	79276	1	23417	0	83464	0	53096	0	64125	0	67459	0	4301	1	4505	1	42342	0	80316	0	00999347	0	00999347	0	00999347
662	2264	86	1	53536	1	14104	0	8434	0	53096	0	64125	0	67459	0	4301	1	4505	1	42342	0	80316	0	00999346	0	00999346	0	00999346
663	2268	1	1	46458	1	1475	0	8349	0	53096	0	64125	0	67459	0	4301	1	4505	1	42342	0	80316	0	00999345	0	00999345	0	00999345
664	2271	56	1	81757	1	27715	0	84205	0	72136	0	57377	0	68835	0	49776	1	22808	1	30722	0	7929	0	00999344	0	00999344	0	00999344
665	2274	76	1	44883	1	15477	0	84914	0	72136	0	57377	0	68835	0	49776	1	22808	1	30722	0	7929	0	00999343	0	00999343	0	00999343
666	2278	22	1	47217	1	28704	0	83112	0	72136	0	57377	0	68835	0	49776	1	22808	1	30722	0	7929	0	00999342	0	00999342	0	00999342
667	2281	46	1	46834	1	15676	0	84399	0	72136	0	57377	0	68835	0	49776	1	22808	1	30722	0	7929	0	00999341	0	00999341	0	00999341
668	2285	2	1	45786	1	11394	0	83726	0	56832	0	62591	0	67423	0	4226	1	49692	1	35706	0	80208	0	0099934	0	0099934	0	0099934
669	2288	87	1	93147	1	35803	0	84446	0	56832	0	62591	0	67423	0	4226	1	49692	1	35706	0	80208	0	00999339	0	00999339	0	00999339
670	2292	28	1	6086	1	24448	0	85426	0	56832	0	62591	0	67423	0	4226	1	49692	1	35706	0	80208	0	00999338	0	00999338	0	00999338
671	2295	49	1	57099	1	17	0	84126	0	56832	0	62591	0	67423	0	4226	1	49692	1	35706	0	80208	0	00999337	0	00999337	0	00999337
672	2299	15	1	55844	1	19288	0	8583	0	56861	0	63715	0	68495	0	49814	1	18283	1	28408	0	79336	0	00999336	0	00999336	0	00999336
673	2302	58	1	56054	1	21169	0	85332	0	56861	0	63715	0	68495	0	49814	1	18283	1	28408	0	79336	0	00999335	0	00999335	0	00999335
674	2305	92	1	39062	1	12085	0	86431	0	56861	0	63715	0	68495	0	49814	1	18283	1	28408	0	79336	0	00999334	0	00999334	0	00999334
675	2309	69	1	45062	1	10562	0	8582	0	56861	0	63715	0	68495	0	49814	1	18283	1	28408	0	79336	0	00999333	0	00999333	0	00999333
676	2313	27	1	47914	1	15964	0	84474	0	59299	0	61742	0	67098	0	42381	1	47939	1	39532	0	80041	0	00999332	0	00999332	0	00999332
677	2316	6	1	69289	1	22991	0	85683	0	59299	0	61742	0	67098	0	42381	1	47939	1	39532	0	80041	0	00999331	0	00999331	0	00999331
678	2320	01	1	49784	1	16374	0	86312	0	59299	0	61742	0	67098	0	42381	1	47939	1	39532	0	80041	0	0099933	0	0099933	0	0099933
679	2323	47	1	98457	1	41491	0	85396	0	59299	0	61742	0	67098	0	42381	1	47939	1	39532	0	80041	0	00999329	0	00999329	0	00999329
680	2326	77	1	63248	1	21099	0	87389	0	56078	0	65712	0	67461	0	48681	1	23375	1	30824	0	79381	0	00999328	0	00999328	0	00999328
681	2330	07	1	36978	1	08082	0	84111	0	56078	0	65712	0	67461	0	48681	1	23375	1	30824	0	79381	0	00999327	0	00999327	0	00999327
682	2333	18	1	40624	1	10863	0	8309	0	56078	0	65712	0	67461	0	48681	1	23375	1	30824	0	79381	0	00999326	0	00999326	0	00999326
683	2336	84	1	69312	1	22696	0	839	0	56078	0	65712	0	67461	0	48681	1	23375	1	30824	0	79381	0	00999325	0	00999325	0	00999325
684	2340	4	1	50646	1	15299	0	84535	0	58766	0	62349	0	68759	0	41697	1	58988	1	38516	0	80437	0	00999324	0	00999324	0	00999324
685	2343	97	1	6509	1	18045	0	84789	0	58766	0	62349	0	68759	0	41697	1	58988	1	38516	0	80437	0	00999323	0	00999323	0	00999323
686	2347	59	1	6785	1	1303	0	85058	0	58766	0	62349	0	68759	0	41697	1	58988	1	38516	0	80437	0	00999322	0	00999322	0	00999322
687	2350	87	1	699	1	12602	0	85011	0	58766	0	62349	0	68759	0	41697	1	58988	1	38516	0	80437	0	00999321	0	00999321	0	00999321
688	2354	37	1	62687	1	17897	0	85219	0	5929	0	63811	0	7017	0	51037	1	20605	1	27381	0	79575	0	0099932	0	0099932	0	0099932
689	2357	82	1	43655	1	1486	0	84373	0	5929	0	63811	0	7017	0	51037	1	20605	1	27381	0	79575	0	00999319	0	00999319	0	00999319
690	2360	88	1	43414	1	15938	0	83477	0	5929	0	63811	0	7017	0	51037	1	20605	1	27381	0	79575	0	00999318	0	00999318	0	00999318
691	2364	51	1	56528	1	1603	0	84372	0	5929	0	63811	0	7017	0	51037	1	20605	1	27381	0	79575	0	00999317	0	00999317	0	00999317
692	2367	91	1	36242	1	03589	0	83824	0	60933	0	59652	0	67965	0	43026	1	48607	1	3397	0	80286	0	00999316	0	00999316	0	00999316
693	2371	12	1	82335	1	29164	0	83205	0	60933	0	59652	0	67965	0	43026	1	48607	1	3397	0	80286	0	00999315	0	00999315	0	00999315
694	2374	81	1	59289	1	19054	0	85765	0	60933	0	59652	0	67965	0	43026	1	48607	1	3397	0	80286	0	00999314	0	00999314	0	00999314
695	2378	24	1	70488	1	20575	0	84701	0	60933	0	59652	0	67965	0	43026	1	48607	1	3397	0	80286	0	00999313	0	00999313	0	00999313
696	2381	83	1	72102	1	26872	0	84776	0	63356	0	64189	0	7009	0	49657	1	24547	1	29186	0	7933	0	00999312	0	00999312	0	00999312
697	2385	4	1	4565	1	07223	0	83478	0	63356	0	64189	0	7009	0	49657	1	24547	1	29186	0	7933	0	00999311	0	00999311	0	00999311
698	2388	91	1	51188	1	0988	0	83123	0	63356	0	64189	0	7009	0	49657	1	24547	1	29186	0	7933	0	0099931	0	0099931	0	0099931
699	2392	57	1	37571	1	04732	0	84062	0	63356	0	64189	0	7009	0	49657	1	24547	1	29186	0	7933	0	00999309	0	00999309	0	00999309
700	2396	07	1	43545	1	11736	0	83957	0	54788	0	65114	0	68345	0	45493	1	37805	1	27931	0	7943	0	00999308	0	00999308	0	00999308
701	2399	67	1	62406	1	17687	0	83347	0	54788	0	65114	0	68345	0	45493	1	37805	1	27931	0	7943	0	00999307	0	00999307	0	00999307
702	2402	75	1	47266	1	1426	0	8646	0	54788	0	65114	0	68345	0	45493	1	37805	1	27931	0	7943	0	00999306	0	00999306	0	00999306
703	2406	46	1	51375	1	08726	0	8451	0	54788	0	65114	0	68345	0	45493	1	37805	1	27931	0	7943	0	00999305	0	00999305	0	00999305
704	2410	32	1	54654	1	11145	0	8336	0	62198	0	6314	0	6904	0	48414	1	31437	1	30944	0	80118	0	00999304	0	00999304	0	00999304
705	2413	87	1	62574	1	2295	0	83071	0	62198	0	6314	0	6904	0	48414	1	31437	1	30944	0	80118	0	00999303	0	00999303	0	00999303
706	2417	29	1	48055	1	09653	0	84578	0	62198	0	6314	0	6904	0	48414	1	31437	1	30944	0	80118	0	00999302	0	00999302	0	00999302
707	2420	52	1	42751	1	14666	0	84961	0	62198	0	6314	0	6904	0	48414	1	31437	1	30944	0	80118	0	00999301	0	00999301	0	00999301
708	2423	76	1	4552	1	0489	0	83257	0	58294	0	6446	0	68445	0	45633	1	37477	1	32304	0	80074	0	009993	0	009993	0	009993
709	2427	07	1	47901	1	1045	0	84171	0	58294	0	6446	0	68445	0	45633	1	37477	1	32304	0	80074	0	00999299	0	00999299	0	00999299
710	2430	6	1	68511	1	21472	0	84158	0	58294	0	6446	0	68445	0	45633	1	37477	1	32304	0	80074	0	00999298	0	00999298	0	00999298
711	2434	1	49265	1	11458	0	84357	0	58294	0	6446	0	68445	0	45633	1	37477	1	32304	0	80074	0	00999297	0	00999297	0	00999297
712	2437	27	1	40983	1	05175	0	8382	0	61986	0	64987	0	71582	0	49982	1	29244	1	29216	0	79544	0	00999296	0	00999296	0	00999296
713	2440	71	1	61225	1	13411	0	83741	0	61986	0	64987	0	71582	0	49982	1	29244	1	29216	0	79544	0	00999295	0	00999295	0	00999295
714	2444	05	1	49208	1	15152	0	85871	0	61986	0	64987	0	71582	0	49982	1	29244	1	29216	0	79544	0	00999294	0	00999294	0	00999294
715	2447	42	1	61972	1	151	0	83903	0	61986	0	64987	0	71582	0	49982	1	29244	1	29216	0	79544	0	00999293	0	00999293	0	00999293
716	2451	01	1	45719	1	09005	0	84252	0	58699	0	64599	0	67846	0	45786	1	32978	1	29497	0	7964	0	00999292	0	00999292	0	00999292
717	2454	39	1	41547	1	11746	0	83956	0	58699	0	64599	0	67846	0	45786	1	32978	1	29497	0	7964	0	00999291	0	00999291	0	00999291
718	2457	62	1	70403	1	15939	0	83042	0	58699	0	64599	0	67846	0	45786	1	32978	1	29497	0	7964	0	0099929	0	0099929	0	0099929
719	2460	56	1	3781	1	10439	0	85145	0	58699	0	64599	0	67846	0	45786	1	32978	1	29497	0	7964	0	00999289	0	00999289	0	00999289
720	2463	8	1	58355	1	20022	0	83122	0	59661	0	65062	0	6837	0	47288	1	34843	1	28983	0	80303	0	00999288	0	00999288	0	00999288
721	2467	49	1	61481	1	17004	0	84407	0	59661	0	65062	0	6837	0	47288	1	34843	1	28983	0	80303	0	00999287	0	00999287	0	00999287
722	2470	89	1	65587	1	16881	0	82688	0	59661	0	65062	0	6837	0	47288	1	34843	1	28983	0	80303	0	00999286	0	00999286	0	00999286
723	2474	2	1	56876	1	12596	0	84227	0	59661	0	65062	0	6837	0	47288	1	34843	1	28983	0	80303	0	00999285	0	00999285	0	00999285
724	2477	25	1	5601	1	12976	0	85024	0	61753	0	63186	0	68616	0	47344	1	29453	1	26699	0	79052	0	00999284	0	00999284	0	00999284
725	2480	48	1	64872	1	21108	0	84677	0	61753	0	63186	0	68616	0	47344	1	29453	1	26699	0	79052	0	00999283	0	00999283	0	00999283
726	2483	77	1	71106	1	21425	0	82617	0	61753	0	63186	0	68616	0	47344	1	29453	1	26699	0	79052	0	00999282	0	00999282	0	00999282
727	2486	85	1	71526	1	1987	0	8317	0	61753	0	63186	0	68616	0	47344	1	29453	1	26699	0	79052	0	00999281	0	00999281	0	00999281
728	2490	25	1	50319	1	08089	0	83346	0	60193	0	64431	0	68475	0	48765	1	30686	1	26258	0	79656	0	0099928	0	0099928	0	0099928
729	2493	68	1	47757	1	08766	0	82993	0	60193	0	64431	0	68475	0	48765	1	30686	1	26258	0	79656	0	00999279	0	00999279	0	00999279
730	2496	71	1	43248	1	08473	0	83888	0	60193	0	64431	0	68475	0	48765	1	30686	1	26258	0	79656	0	00999278	0	00999278	0	00999278
731	2500	21	1	66588	1	19543	0	81752	0	60193	0	64431	0	68475	0	48765	1	30686	1	26258	0	79656	0	00999277	0	00999277	0	00999277
732	2503	63	1	51495	1	11665	0	82488	0	56728	0	65936	0	66938	0	44841	1	33506	1	30082	0	79262	0	00999276	0	00999276	0	00999276
733	2506	99	1	45567	1	03392	0	84634	0	56728	0	65936	0	66938	0	44841	1	33506	1	30082	0	79262	0	00999275	0	00999275	0	00999275
734	2510	24	1	43289	1	03749	0	84283	0	56728	0	65936	0	66938	0	44841	1	33506	1	30082	0	79262	0	00999274	0	00999274	0	00999274
735	2513	63	1	64436	1	22786	0	83978	0	56728	0	65936	0	66938	0	44841	1	33506	1	30082	0	79262	0	00999273	0	00999273	0	00999273
736	2516	92	1	42005	1	0451	0	8542	0	54675	0	6447	0	67956	0	48203	1	29953	1	31358	0	80102	0	00999272	0	00999272	0	00999272
737	2520	5	1	6178	1	18935	0	83639	0	54675	0	6447	0	67956	0	48203	1	29953	1	31358	0	80102	0	00999271	0	00999271	0	00999271
738	2523	99	1	34525	1	08264	0	85963	0	54675	0	6447	0	67956	0	48203	1	29953	1	31358	0	80102	0	0099927	0	0099927	0	0099927
739	2527	37	1	60049	1	16336	0	82547	0	54675	0	6447	0	67956	0	48203	1	29953	1	31358	0	80102	0	00999269	0	00999269	0	00999269
740	2530	7	1	71267	1	23737	0	83782	0	61232	0	60016	0	66187	0	4346	1	37468	1	3493	0	80243	0	00999268	0	00999268	0	00999268
741	2533	96	1	51207	1	07076	0	84328	0	61232	0	60016	0	66187	0	4346	1	37468	1	3493	0	80243	0	00999267	0	00999267	0	00999267
742	2537	43	1	4859	1	10532	0	84071	0	61232	0	60016	0	66187	0	4346	1	37468	1	3493	0	80243	0	00999266	0	00999266	0	00999266
743	2540	73	1	46092	1	11095	0	84543	0	61232	0	60016	0	66187	0	4346	1	37468	1	3493	0	80243	0	00999265	0	00999265	0	00999265
744	2544	16	1	48338	1	07247	0	85789	0	53905	0	65345	0	66991	0	46882	1	32114	1	26901	0	80099	0	00999264	0	00999264	0	00999264
745	2547	52	1	85638	1	29132	0	83184	0	53905	0	65345	0	66991	0	46882	1	32114	1	26901	0	80099	0	00999263	0	00999263	0	00999263
746	2551	08	1	72857	1	22439	0	82913	0	53905	0	65345	0	66991	0	46882	1	32114	1	26901	0	80099	0	00999262	0	00999262	0	00999262
747	2554	65	1	5099	1	10908	0	85639	0	53905	0	65345	0	66991	0	46882	1	32114	1	26901	0	80099	0	00999261	0	00999261	0	00999261
748	2558	09	1	47586	1	08273	0	83247	0	55112	0	65537	0	66936	0	44255	1	34856	1	30716	0	79584	0	0099926	0	0099926	0	0099926
749	2561	48	1	47206	1	09882	0	8315	0	55112	0	65537	0	66936	0	44255	1	34856	1	30716	0	79584	0	00999259	0	00999259	0	00999259
750	2564	56	1	4148	1	06043	0	85018	0	55112	0	65537	0	66936	0	44255	1	34856	1	30716	0	79584	0	00999258	0	00999258	0	00999258
751	2568	09	1	49951	1	2028	0	8302	0	55112	0	65537	0	66936	0	44255	1	34856	1	30716	0	79584	0	00999258	0	00999258	0	00999258
752	2571	65	1	51995	1	11473	0	83938	0	65109	0	6181	0	68807	0	47898	1	31235	1	24619	0	80329	0	00999257	0	00999257	0	00999257
753	2575	12	1	616	1	10158	0	83885	0	65109	0	6181	0	68807	0	47898	1	31235	1	24619	0	80329	0	00999256	0	00999256	0	00999256
754	2578	83	1	65269	1	17918	0	8252	0	65109	0	6181	0	68807	0	47898	1	31235	1	24619	0	80329	0	00999255	0	00999255	0	00999255
755	2582	45	1	61492	1	11988	0	84903	0	65109	0	6181	0	68807	0	47898	1	31235	1	24619	0	80329	0	00999254	0	00999254	0	00999254
756	2585	69	1	44681	1	04025	0	83641	0	58826	0	61363	0	6798	0	45553	1	31927	1	36298	0	79389	0	00999253	0	00999253	0	00999253
757	2589	41	1	49583	1	13356	0	83396	0	58826	0	61363	0	6798	0	45553	1	31927	1	36298	0	79389	0	00999252	0	00999252	0	00999252
758	2593	03	1	46244	1	10575	0	85447	0	58826	0	61363	0	6798	0	45553	1	31927	1	36298	0	79389	0	00999251	0	00999251	0	00999251
759	2596	71	1	519	1	20902	0	83446	0	58826	0	61363	0	6798	0	45553	1	31927	1	36298	0	79389	0	0099925	0	0099925	0	0099925
760	2600	15	1	37508	1	08434	0	84217	0	54017	0	64166	0	68467	0	49078	1	25638	1	28783	0	79749	0	00999249	0	00999249	0	00999249
761	2603	41	1	40211	1	07994	0	84086	0	54017	0	64166	0	68467	0	49078	1	25638	1	28783	0	79749	0	00999248	0	00999248	0	00999248
762	2606	88	1	38052	0	98843	0	84242	0	54017	0	64166	0	68467	0	49078	1	25638	1	28783	0	79749	0	00999247	0	00999247	0	00999247
763	2610	36	1	60325	1	16968	0	83579	0	54017	0	64166	0	68467	0	49078	1	25638	1	28783	0	79749	0	00999246	0	00999246	0	00999246
764	2614	01	1	51925	1	10574	0	84206	0	64061	0	60872	0	7074	0	48395	1	31994	1	27663	0	79155	0	00999245	0	00999245	0	00999245
765	2617	38	1	43302	1	08009	0	84559	0	64061	0	60872	0	7074	0	48395	1	31994	1	27663	0	79155	0	00999244	0	00999244	0	00999244
766	2620	81	1	53008	1	19002	0	83865	0	64061	0	60872	0	7074	0	48395	1	31994	1	27663	0	79155	0	00999243	0	00999243	0	00999243
767	2624	09	1	56192	1	15691	0	8323	0	64061	0	60872	0	7074	0	48395	1	31994	1	27663	0	79155	0	00999242	0	00999242	0	00999242
768	2627	51	1	49019	1	10777	0	83476	0	5185	0	65069	0	68631	0	48102	1	30125	1	24879	0	80133	0	00999241	0	00999241	0	00999241
769	2630	63	1	48392	1	05319	0	83698	0	5185	0	65069	0	68631	0	48102	1	30125	1	24879	0	80133	0	0099924	0	0099924	0	0099924
770	2634	16	1	5366	1	06596	0	85903	0	5185	0	65069	0	68631	0	48102	1	30125	1	24879	0	80133	0	00999239	0	00999239	0	00999239
771	2637	87	1	49007	1	07729	0	84099	0	5185	0	65069	0	68631	0	48102	1	30125	1	24879	0	80133	0	00999238	0	00999238	0	00999238
772	2641	43	1	67123	1	21451	0	83699	0	6226	0	62397	0	70387	0	46612	1	38243	1	26479	0	78998	0	00999237	0	00999237	0	00999237
773	2645	01	1	67033	1	15985	0	82678	0	6226	0	62397	0	70387	0	46612	1	38243	1	26479	0	78998	0	00999236	0	00999236	0	00999236
774	2648	13	1	38464	1	02053	0	83208	0	6226	0	62397	0	70387	0	46612	1	38243	1	26479	0	78998	0	00999235	0	00999235	0	00999235
775	2651	58	1	44519	1	07887	0	83184	0	6226	0	62397	0	70387	0	46612	1	38243	1	26479	0	78998	0	00999234	0	00999234	0	00999234
776	2655	43	1	59196	1	1704	0	83492	0	63262	0	61545	0	69723	0	49307	1	23448	1	25372	0	79305	0	00999233	0	00999233	0	00999233
777	2658	66	1	41243	1	06296	0	83405	0	63262	0	61545	0	69723	0	49307	1	23448	1	25372	0	79305	0	00999232	0	00999232	0	00999232
778	2661	98	1	4144	1	11318	0	83139	0	63262	0	61545	0	69723	0	49307	1	23448	1	25372	0	79305	0	00999231	0	00999231	0	00999231
779	2665	53	1	56018	1	14112	0	82693	0	63262	0	61545	0	69723	0	49307	1	23448	1	25372	0	79305	0	0099923	0	0099923	0	0099923
780	2669	51	1	44476	1	08729	0	83063	0	56292	0	66441	0	71389	0	47289	1	33708	1	25743	0	78731	0	00999229	0	00999229	0	00999229
781	2673	1	1	57785	1	09089	0	83691	0	56292	0	66441	0	71389	0	47289	1	33708	1	25743	0	78731	0	00999228	0	00999228	0	00999228
782	2676	59	1	40921	1	0357	0	84383	0	56292	0	66441	0	71389	0	47289	1	33708	1	25743	0	78731	0	00999227	0	00999227	0	00999227
783	2680	16	1	49577	1	05247	0	82978	0	56292	0	66441	0	71389	0	47289	1	33708	1	25743	0	78731	0	00999226	0	00999226	0	00999226
784	2683	93	1	73707	1	21493	0	82459	0	58746	0	65752	0	71338	0	5062	1	22003	1	19896	0	78824	0	00999225	0	00999225	0	00999225
785	2687	57	1	61841	1	22937	0	81653	0	58746	0	65752	0	71338	0	5062	1	22003	1	19896	0	78824	0	00999224	0	00999224	0	00999224
786	2691	21	1	3668	0	99954	0	82876	0	58746	0	65752	0	71338	0	5062	1	22003	1	19896	0	78824	0	00999223	0	00999223	0	00999223
787	2694	66	1	34662	1	11865	0	83865	0	58746	0	65752	0	71338	0	5062	1	22003	1	19896	0	78824	0	00999222	0	00999222	0	00999222
788	2698	29	1	38391	1	08418	0	83229	0	68625	0	60165	0	70364	0	46198	1	38413	1	30249	0	78927	0	00999221	0	00999221	0	00999221
789	2701	59	1	4877	1	03088	0	83293	0	68625	0	60165	0	70364	0	46198	1	38413	1	30249	0	78927	0	0099922	0	0099922	0	0099922
790	2705	21	1	60679	1	15204	0	84382	0	68625	0	60165	0	70364	0	46198	1	38413	1	30249	0	78927	0	00999219	0	00999219	0	00999219
791	2708	45	1	59035	1	11109	0	83257	0	68625	0	60165	0	70364	0	46198	1	38413	1	30249	0	78927	0	00999218	0	00999218	0	00999218
